TIPO DATO;UBICACIÓN;COD_DISTRITO;DISTRITO;COD_BARRIO;BARRIO;DIRECCIÓN COMPLETA;VIA_CLASE;VIA_PAR;VIA_NOMBRE;TIPO_NÚMERO;NÚMERO;UTM X;UTM Y;LATITUD;LONGITUD;DIRECCIÓN COMPLETA AMPLIADA;DÍA_SEMANA;OBSERVACIONES;RESIUDOS ADMISIBLES
Punto limpio móvil 24 horas;Vía pública;8;Fuencarral-El Pardo;088;El Goloso;Avenida del Monasterio de Arlanza, 24;Avenida;Del;Monasterio de Arlanza;número;24;441395,65;4484615,56;40,5101824;-3,6916945;Avenida del Monasterio de Arlanza, 24 esquina  Monasterio de Silos;Lunes;www.madrid.es/puntoslimpios;Puntos Limpios Móviles 24 horas. Descripción y cantidades admisibles para particulares - Ayuntamiento de Madrid
Punto limpio móvil 24 horas;Mercadillo de Gorrión;11;Carabanchel;113;San Isidro;Calle del Vicente Quesada, 11;Calle;Del;Vicente Quesada;número;11;438013,44;4472094,39;40,39721375;-3,730244543;Calle del Vicente Quesada, 11 frente (aparcamiento);Lunes;www.madrid.es/puntoslimpios;Puntos Limpios Móviles 24 horas. Descripción y cantidades admisibles para particulares - Ayuntamiento de Madrid
Punto limpio móvil 24 horas;Vía pública;16;Hortaleza;166;Valdefuentes;Glorieta de Luis Cubillo;Glorieta;De;Luis Cubillo;número;s/n;446696,36;4481304,84;40,4808324;-3,628912758;Glorieta de Luis Cubillo esquina Juan Daniel Fullaondo, 22;Lunes;www.madrid.es/puntoslimpios;Puntos Limpios Móviles 24 horas. Descripción y cantidades admisibles para particulares - Ayuntamiento de Madrid
Punto limpio móvil 24 horas;Vía pública;18;Villa de Vallecas;183;Ensanche de Vallecas;Avenida del Ensanche de Vallecas, 120;Avenida;Del;Ensanche de Vallecas;número;120;449676,15;4467872,32;40,3598718;-3,5926043;Avenida del Ensanche de Vallecas, 120 (metro Valdecarros);Lunes;www.madrid.es/puntoslimpios;Puntos Limpios Móviles 24 horas. Descripción y cantidades admisibles para particulares - Ayuntamiento de Madrid
Punto limpio móvil 24 horas;Vía pública;8;Fuencarral-El Pardo;088;El Goloso;Avenida de Santuario de Valverde frente 44;Avenida;De;Santuario de Valverde;número;44;440639,72;4484091,05;40,5053341;-3,700651;Avenida de Santuario de Valverde frente 44 esquina Monasterio del Paular;Martes;www.madrid.es/puntoslimpios;Puntos Limpios Móviles 24 horas. Descripción y cantidades admisibles para particulares - Ayuntamiento de Madrid
Punto limpio móvil 24 horas;Mercadillo San Fermín;12;Usera;123;San Fermín;Camino de Perales, 23;Camino;De;Perales;número;23;441761,11;4468923,70;40,36688552;-3,686184102;Camino de Perales, 23 (junto entrada de vehículos Caja Magica);Martes;www.madrid.es/puntoslimpios;Puntos Limpios Móviles 24 horas. Descripción y cantidades admisibles para particulares - Ayuntamiento de Madrid
Punto limpio móvil 24 horas;Mercadillo  Alcorisa - Camino Silvano ;16;Hortaleza;163;Canillas;Calle de Alcorisa, 41;Calle;De;Alcorisa;número;41;445763,60;4479222,97;40,46188058;-3,639761697;Calle de Alcorisa, 41 (en el bulevar);Martes;www.madrid.es/puntoslimpios;Puntos Limpios Móviles 24 horas. Descripción y cantidades admisibles para particulares - Ayuntamiento de Madrid
Punto limpio móvil 24 horas;Mercadillo de Sierra Gorda;18;Villa de Vallecas;182;Santa Eugenia;Calle de Agustín García Malla, s/n;Calle;De;Agustín García Malla;número;s/n;447652,34;4470338,72;40,38201551;-3,616713339;Calle de Agustín García Malla, s/n (zona peatonal);Martes;www.madrid.es/puntoslimpios;Puntos Limpios Móviles 24 horas. Descripción y cantidades admisibles para particulares - Ayuntamiento de Madrid
Punto limpio móvil 24 horas;Vía pública;8;Fuencarral-El Pardo;086;Valverde;Avenida del Camino de Santiago, 50;Avenida;Del;Camino de Santiago;número;50;443260,16;4484405,69;40,50846385;-3,669697862;Avenida del Camino de Santiago, 50 c/v Santo Domingo de la Calzada (junto al metro Las Tablas);Miércoles;www.madrid.es/puntoslimpios;Puntos Limpios Móviles 24 horas. Descripción y cantidades admisibles para particulares - Ayuntamiento de Madrid
Punto limpio móvil 24 horas;Vía pública;17;Villaverde;173;Butarque;Plaza de los Metales;Plaza;De los;Metales;número;s/n;442671,16;4465731,85;40,37964336;-3,621482012;Plaza de los Metales c/v Berrocal, 76 (junto Mercadona);Miércoles;www.madrid.es/puntoslimpios;Puntos Limpios Móviles 24 horas. Descripción y cantidades admisibles para particulares - Ayuntamiento de Madrid
Punto limpio móvil 24 horas;Vía pública;19;Vicálvaro;194;El Cañaveral;Calle de Victoria Kent, 90;Calle;De;Victoria Kent;número;90;452828,49;4472028,23;40,49376767;-3,6566666;Calle de Victoria Kent, 90 c/v Luis Ocaña;Miércoles;www.madrid.es/puntoslimpios;Puntos Limpios Móviles 24 horas. Descripción y cantidades admisibles para particulares - Ayuntamiento de Madrid
Punto limpio móvil 24 horas;Vía pública;16;Hortaleza;166;Valdefuentes;Calle  de Félix Candela, 62;Calle;De;Félix Candela;número;62;447949,81;4483069,39;40,4971062;-3,61428435;Calle  de Félix Candela, 62 esquina Josefina Aldecoa;Miércoles;www.madrid.es/puntoslimpios;Puntos Limpios Móviles 24 horas. Descripción y cantidades admisibles para particulares - Ayuntamiento de Madrid
Punto limpio móvil 24 horas;Mercadillo de San Restituto;9;Moncloa-Aravaca;094;Valdezarza;Calle de San Restituto, 24;Calle;De;San Restituto;número;24;439642,81;4479597,63;40,46488277;-3,711525255;Calle de San Restituto, 24;Jueves;www.madrid.es/puntoslimpios;Puntos Limpios Móviles 24 horas. Descripción y cantidades admisibles para particulares - Ayuntamiento de Madrid
Punto limpio móvil 24 horas;Mercadillo de Vía Lusitana ;11;Carabanchel;117;Abrantes;Calle Vía Lusitana, 32;Calle;Null;Vía Lusitana;número;32;438615,78;4470500,49;40,38274771;-3,723180888;Calle Vía Lusitana,32 ( Plaza Coimbra);Jueves;www.madrid.es/puntoslimpios;Puntos Limpios Móviles 24 horas. Descripción y cantidades admisibles para particulares - Ayuntamiento de Madrid
Punto limpio móvil 24 horas;Vía pública;16;Hortaleza;166;Valdefuentes;Avenida de Manuel Fraga Iribarne, 35;Avenida;De;Manuel Fraga Iribarne;número;35;448402,41;4482069,99;40,48742335;-3,60871746;Avenida de Manuel Fraga Iribarne, 35 esquina María Reiche;Jueves;www.madrid.es/puntoslimpios;Puntos Limpios Móviles 24 horas. Descripción y cantidades admisibles para particulares - Ayuntamiento de Madrid
Punto limpio móvil 24 horas;Mercadillo de Villablanca ;19;Vicálvaro;191;Casco Histórico de Vicálvaro;Paseo del  Polideportivo, 142;Paseo;Del;Polideportivo;número;142;449387,56;4472958,48;40,40522865;-3,597141166;Paseo del  Polideportivo, 142 zona de aparcamiento junto mercadillo (escalinata) ;Jueves;www.madrid.es/puntoslimpios;Puntos Limpios Móviles 24 horas. Descripción y cantidades admisibles para particulares - Ayuntamiento de Madrid
Punto limpio móvil 24 horas;Vía pública;8;Fuencarral-El Pardo;086;Valverde;Avenida del Camino de Santiago,50;Avenida;Del;Camino de Santiago;número;50;442905,48;4483208,64;40,49752644;-3,673896642;Avenida del Camino de Santiago, 50 esquina Valcarlos;Viernes;www.madrid.es/puntoslimpios;Puntos Limpios Móviles 24 horas. Descripción y cantidades admisibles para particulares - Ayuntamiento de Madrid
Punto limpio móvil 24 horas;Vía pública;16;Hortaleza;166;Valdefuentes;Calle del Principe Carlos, 23;Calle;Del;Francisco Pi y Margall;número;37;444786,14;4481976,21;40,48666877;-3,651456241;Calle  Francisco Pi y Margall, 37  c/v Calle Principe Carlos (Alcampo);Viernes;www.madrid.es/puntoslimpios;Puntos Limpios Móviles 24 horas. Descripción y cantidades admisibles para particulares - Ayuntamiento de Madrid
Punto limpio móvil 24 horas;Vía pública;18;Villa de Vallecas;183;Ensanche de Vallecas;Calle de Tineo,2;Calle;De;Tineo;número;2;446720,99;4469539,91;40,43113036;-3,663102385;Calle de Tineo c/v Cabeza Mesada ;Viernes;www.madrid.es/puntoslimpios;Puntos Limpios Móviles 24 horas. Descripción y cantidades admisibles para particulares - Ayuntamiento de Madrid
Punto limpio móvil 24 horas;Vía pública;19;Vicálvaro;194;El Cañaveral;Avenida de Miguel Delibes, 72;Avenida;De;Miguel Delibes;número;72;452479,72;4472870,92;40,40509523;-3,561177292;"Avenida de Miguel Delibes, 72 c/v Mario Moreno ""Cantinflas";Viernes;www.madrid.es/puntoslimpios;Puntos Limpios Móviles 24 horas. Descripción y cantidades admisibles para particulares - Ayuntamiento de Madrid
Punto limpio móvil 24 horas;Vía pública;21;Barajas;212;Aeropuerto;Calle de Ayerbe, 11;Calle;De;Ayerbe;número;11;450957,65;4480112,88;40,47027983;-3,578528382;Calle de Ayerbe, 11;Sábado;www.madrid.es/puntoslimpios;Puntos Limpios Móviles 24 horas. Descripción y cantidades admisibles para particulares - Ayuntamiento de Madrid
Punto limpio móvil 24 horas;Mercadillo de Santa Genoveva ;15;Ciudad Lineal;151;Ventas;Avenida de las Trece Rosas, 9;Avenida;De las;Trece Rosas;número;9;445102,86;4475280,00;40,42633966;-3,647287196;Avenida de las Trece Rosas, 1 c/v Santa Genoveva;Sábado;www.madrid.es/puntoslimpios;Puntos Limpios Móviles 24 horas. Descripción y cantidades admisibles para particulares - Ayuntamiento de Madrid
Punto limpio móvil 24 horas;Mercadillo de Villaverde Alto;17;Villaverde;171;Villaverde Alto - Casco Histórico de Villaverde;Paseo de los Ferroviarios, 37;Paseo;De los;Ferroviarios;número;37;439206,45;4466480,91;40,34665176;-3,715868306;Paseo de los Ferroviarios esquina Encarnación del Pino;Sábado;www.madrid.es/puntoslimpios;Puntos Limpios Móviles 24 horas. Descripción y cantidades admisibles para particulares - Ayuntamiento de Madrid
Punto limpio móvil 24 horas;Vía pública;19;Vicálvaro;194;El Cañaveral;Avenida de Blas de Lezo, 22;Avenida;De;Blas de Lezo;número;22;453103,93;4473122,00;40,40741225;-3,552696007;Avenida de Blas de Lezo,  c/v Cerro del Monte ;Sábado;www.madrid.es/puntoslimpios;Puntos Limpios Móviles 24 horas. Descripción y cantidades admisibles para particulares - Ayuntamiento de Madrid
Punto limpio móvil 24 horas;Mercadillo de avenida de Asturias;6;Tetuán;064;Almenara;Avenida de Asturias, 4;Avenida;De;Asturias;número;4;441294,56;4479912,74;40,46779157;-3,692420967;Avenida de Asturias, 4;Domingo;www.madrid.es/puntoslimpios;Puntos Limpios Móviles 24 horas. Descripción y cantidades admisibles para particulares - Ayuntamiento de Madrid
Punto limpio móvil 24 horas;Vía pública;16;Hortaleza;166;Valdefuentes;Calle del  Principe Carlos;Calle;Del;Principe Carlos;número;23;444350,96;4482772,08;40,4937238;-3,656703777;Calle del  Principe Carlos, 23  esquina  Americo Castro (Centro Salud Sanchinarro);Domingo;www.madrid.es/puntoslimpios;Puntos Limpios Móviles 24 horas. Descripción y cantidades admisibles para particulares - Ayuntamiento de Madrid
Punto limpio móvil 24 horas;Mercadillo de la colonia Marconi ;17;Villaverde;171;Villaverde Alto - Casco Histórico de Villaverde;Calle de San Eustaquio, 26;Calle;De;San Eustaquio;número;26;440431,87;4464880,97;40,3322563;-3,701256432;Calle de San Eustaquio, 26;Domingo;www.madrid.es/puntoslimpios;Puntos Limpios Móviles 24 horas. Descripción y cantidades admisibles para particulares - Ayuntamiento de Madrid
Punto limpio móvil 24 horas;Vía pública;19;Vicálvaro;194;El Cañaveral;Calle de la Casa de Tilly, 38;Calle;De la;Casa de Tilly;número;38;453615,92;4472442,79;40,40131163;-3,546628998;Calle de la Casa de Tilly, 38  esquina Ferenc Puskas ;Domingo;www.madrid.es/puntoslimpios;Puntos Limpios Móviles 24 horas. Descripción y cantidades admisibles para particulares - Ayuntamiento de Madrid
Punto limpio móvil 24 horas;Mercadillo de Aragoneses;13;Puente de Vallecas;134;Palomeras Sureste;Calle  Miguel Hernandez, 90;Calle;Null;Miguel Hernandez;número;90;445389,06;4470246,91;40,38102153;-3,643362198;Calle Miguel Hernandez, 90 esquina calle Aragoneses ;Lunes;www.madrid.es/puntoslimpios;Puntos Limpios Móviles 24 horas. Descripción y cantidades admisibles para particulares - Ayuntamiento de Madrid
Punto limpio móvil 24 horas;Mercadillo de Camino de las Cruces;11;Carabanchel;116;Buenavista;Camino de las Cruces, 18;Camino;de las;Cruces;número;18;435858,64;4469616,85;40,37466656;-3,755566523;Camino de las Cruces, 18;Lunes;www.madrid.es/puntoslimpios;Puntos Limpios Móviles 24 horas. Descripción y cantidades admisibles para particulares - Ayuntamiento de Madrid
Punto limpio móvil 24 horas;Mercadillo de San Román del Valle;20;San Blas-Canillejas;204;Arcos;Calle de Arcos de Jalón, 20  San Román del Valle  ;Calle;de; Arcos de Jalón;número;20;447246,05;4474621,95;40,42055431;-3,621849154;Calle de Arcos de Jalón, 20  San Román del Valle  ;Martes;www.madrid.es/puntoslimpios;Puntos Limpios Móviles 24 horas. Descripción y cantidades admisibles para particulares - Ayuntamiento de Madrid
Punto limpio móvil 24 horas;Mercadillo de Parque de la Cornisa ;1;Centro;107;Águilas;Plaza de Campillo Mundo Nuevo esq Ronda Toledo) ;Plaza;de;Campillo Mundo Nuevo;número;s/n;439806,23;4472081,19;40,3971611;-3,709301385;Plaza Campillo Mundo Nuevo esq Ronda Toledo) ;Martes;www.madrid.es/puntoslimpios;Puntos Limpios Móviles 24 horas. Descripción y cantidades admisibles para particulares - Ayuntamiento de Madrid
Punto limpio móvil 24 horas;Mercadillo de Santa Ana ;8;Fuencarral-El Pardo;086;Valverde;Calle San Cugat del Valles, 4;Calle;Null;San Cugat del Valles;número;4;441239,30;4483201,31;40,49743841;-3,693444635;Calle San Cugat del Valles, 4;Miércoles;www.madrid.es/puntoslimpios;Puntos Limpios Móviles 24 horas. Descripción y cantidades admisibles para particulares - Ayuntamiento de Madrid
Punto limpio móvil 24 horas;Vía pública;5;Chamartín;056;Castilla;Avenida Burgos, 24;Avenida;Null;Burgos;número;24;442755,09;4480987,69;40,4776031;-3,6753578;Avenida Burgos, 24;Miércoles;www.madrid.es/puntoslimpios;Puntos Limpios Móviles 24 horas. Descripción y cantidades admisibles para particulares - Ayuntamiento de Madrid
Punto limpio móvil 24 horas;Mercadillo Ciudad de los Ángeles;17;Villaverde;175;Ángeles;Paseo Gigantes y Cabezudos, 36 frente Calle Pan y Toros;Paseo;Null;Gigantes y Cabezudos;número;36;441110,21;4467598,26;40,35686958;-3,693522647;Paseo Gigantes y Cabezudos, 36 frente Calle Pan y Toros;Jueves;www.madrid.es/puntoslimpios;Puntos Limpios Móviles 24 horas. Descripción y cantidades admisibles para particulares - Ayuntamiento de Madrid
Punto limpio móvil 24 horas;Mercadillo de Arroyo Fontarrón ;13;Puente de Vallecas;136;Numancia;Calle Ramón Pérez de Ayala, 96;Calle;Null;Ramón Pérez de Ayala;número;96;444865,55;4472366,57;40,40008223;-3,649712762;Calle Ramón Pérez de Ayala,96;Jueves;www.madrid.es/puntoslimpios;Puntos Limpios Móviles 24 horas. Descripción y cantidades admisibles para particulares - Ayuntamiento de Madrid
Punto limpio móvil 24 horas;Vía pública;8;Fuencarral-El Pardo;081;El Pardo;Avenida de la Guardia, 29 ;Avenida;de la;Guardia;número;29;434220,61;4485763,46;40,51999208;-3,776532671;Avenida de la Guardia, 29 frente;Viernes;www.madrid.es/puntoslimpios;Puntos Limpios Móviles 24 horas. Descripción y cantidades admisibles para particulares - Ayuntamiento de Madrid
Punto limpio móvil 24 horas;Mercadillo de Gandhi;15;Ciudad Lineal;152;Pueblo Nuevo;Calle Gandhi, 16   ;Calle;Null;Gandhi;número;16;446234,37;4474996,17;40,42386084;-3,633805474;Calle Gandhi, 16 en aparcamiento del interior del mercadillo  ;Viernes;www.madrid.es/puntoslimpios;Puntos Limpios Móviles 24 horas. Descripción y cantidades admisibles para particulares - Ayuntamiento de Madrid
Punto limpio móvil 24 horas;Mercadillo de Rafael Finat;10;Latina;107;Águilas;Avenida de Las Aguilas, 1;Calle;de;Las Aguilas;número;1;435242,41;4470733,80;40,38468087;-3,762938463;Avenida de Las Aguilas, 1;Sábado;www.madrid.es/puntoslimpios;Puntos Limpios Móviles 24 horas. Descripción y cantidades admisibles para particulares - Ayuntamiento de Madrid
Punto limpio móvil 24 horas;Mercadillo de Orcasur;12;Usera;122;Orcasur;Avenida de los Poblados;Avenida;de los;Poblados;número;s/n;440591,92;4469155,26;40,37085915;-3,699770961;Avenida Poblados c/v Avd. Orcasur (junto  pasarela);Sábado;www.madrid.es/puntoslimpios;Puntos Limpios Móviles 24 horas. Descripción y cantidades admisibles para particulares - Ayuntamiento de Madrid
Punto limpio móvil 24 horas;Mercadillo de Ronda del Sur;13;Puente de Vallecas;131;Entrevías;Calle Los Barros, 34  ;Calle;Null;Los Barros;número;34;443627,28;4469361,89;40,37293137;-3,664037921;Calle Los Barros esquina Ronda del Sur  ;Domingo;www.madrid.es/puntoslimpios;Puntos Limpios Móviles 24 horas. Descripción y cantidades admisibles para particulares - Ayuntamiento de Madrid
Punto limpio móvil 24 horas;Mercadillo UVA Hortaleza;16;Hortaleza;164;Pinar del Rey;Calle Santa Adela;Calle;Null;Santa Adela;número;16;444774,90;4481119,93;40,47893116;-3,651541766;Calle Santa Adela c/v Ctra. Estación de Hortaleza.(aparcamiento frente  mercadillo);Domingo;www.madrid.es/puntoslimpios;Puntos Limpios Móviles 24 horas. Descripción y cantidades admisibles para particulares - Ayuntamiento de Madrid
