TIPO_DATO;DIRECCIÓN_COMPLETA;DIRECCIÓN_AUXILIAR;CLASE_VIAL;NOMBRE_VIAL;TIPO_NÚMERO;NÚMERO;COD_DISTRITO;DISTRITO;UTMX;UTMY;LATITUD;LONGITUD;DÍA_SEMANA;TURNO;HORA_INICIO;HORA_FINAL;URL GOOGLE MAPS;RESIDUOS ADMISIBLES
PUNTO LIMPIO MOVIL;CALLE ARRIETA, 15;NULL;CALLE;ARRIETA;NUMERO;15;1;CENTRO;439675,8008;4474526,499;40,41918013;-3,711069993;MARTES;MAÑANA;12:15;14:15;https://goo.gl/maps/w4y1woxHyhGsQCZv9;http://run.gob.es/PuntoMOVILResiduos
PUNTO LIMPIO MOVIL;CALLE BARQUILLO, 7;NULL;CALLE;BARQUILLO;NUMERO;7;1;CENTRO;440971,8478;4474699,329;40,42083;-3,69581;SABADO;MAÑANA;07:45;09:45;https://goo.gl/maps/hsHdwffQauSr7Y4aA;http://run.gob.es/PuntoMOVILResiduos
PUNTO LIMPIO MOVIL;CALLE BENEFICENCIA,  FRENTE EL NUMERO 14, EN ACERA;FRENTE;CALLE;BENEFICENCIA;NUMERO;14;1;CENTRO;440702,7048;4475307,914;40.42629328647925;-3.6990391241605756;MARTES;MAÑANA;07:45;09:45;https://www.google.com/maps;http://run.gob.es/PuntoMOVILResiduos
PUNTO LIMPIO MOVIL;CALLE CONDE DUQUE, 30;NULL;CALLE;CONDE DUQUE;NUMERO;30;1;CENTRO;439762,852;4475482,275;40,42779649;-3,710134496;SABADO;TARDE;19:00;21:00;https://goo.gl/maps/jGjBMu8PS57ZCmaG9;http://run.gob.es/PuntoMOVILResiduos
PUNTO LIMPIO MOVIL;CALLE LOPE DE VEGA;NULL;CALLE;LOPE DE VEGA;NUMERO;s/n;1;CENTRO;440827,0687;4473984,492;40,41438013;-3,697449994;SABADO;MAÑANA;10:00;12:00;https://goo.gl/maps/EFj65q8ucc6CY2Et7;http://run.gob.es/PuntoMOVILResiduos
PUNTO LIMPIO MOVIL;CALLE PRINCIPE, 18;NULL;CALLE;PRINCIPE;NUMERO;18;1;CENTRO;440580,55;4474086,94;40,41528547;-3,700364984;MARTES;TARDE;19:00;21:00;https://goo.gl/maps/KiKKZ6x7jNVcx49DA;http://run.gob.es/PuntoMOVILResiduos
PUNTO LIMPIO MOVIL;CALLE REYES, 16;NULL;CALLE;REYES;NUMERO;16;1;CENTRO;439765,2238;4475078,946;40.42416329370671;-3.7100683331126345;VIERNES;TARDE;16:45;18:45;https://www.google.com/maps;http://run.gob.es/PuntoMOVILResiduos
PUNTO LIMPIO MOVIL;CALLE RIBERA DE CURTIDORES, 37- (A, B, C);NULL;CALLE;RIBERA DE CURTIDORES;NUMERO;37- (A, B, C);1;CENTRO;439996,735;4473123,762;40,40656682;-3,707154966;MARTES;TARDE;19:00;21:00;https://goo.gl/maps/jKvzJjt2WLoBHpaP6;http://run.gob.es/PuntoMOVILResiduos
PUNTO LIMPIO MOVIL;CALLE SAN ANDRES, 24 CARGA Y DESCARGA;CARGA Y DESCARGA;CALLE; SAN ANDRES;NUMERO;24;1;CENTRO;440331,0709;4475434,863;40.4274103259325;-3.7034318137911018;SABADO;TARDE;14:30;16:30;https://www.google.com/maps;http://run.gob.es/PuntoMOVILResiduos
PUNTO LIMPIO MOVIL;CALLE SANTA ISABEL, 47;NULL;CALLE;SANTA ISABEL;NUMERO;47;1;CENTRO;440935,101;4473450,872;40,40958069;-3,696127206;MARTES;TARDE;14:30;16:30;https://goo.gl/maps/jrMy4KLHSRpFJicAA;http://run.gob.es/PuntoMOVILResiduos
PUNTO LIMPIO MOVIL;CALLE SEGOVIA, 20;NULL;CALLE;SEGOVIA;NUMERO;20;1;CENTRO;439571,8809;4473948,99;40,41397013;-3,712239993;MARTES;TARDE;16:45;18:45;https://goo.gl/maps/oWQY9oYVm3vqaZiz7;http://run.gob.es/PuntoMOVILResiduos
PUNTO LIMPIO MOVIL;CALLE SERRANO JOVER, 4;NULL;CALLE;SERRANO JOVER;NUMERO;4;1;CENTRO;439416,5166;4475655,369;40.42933064733891;-3.714233640401364;VIERNES;TARDE;19:00;21:00;https://www.google.com/maps;http://run.gob.es/PuntoMOVILResiduos
PUNTO LIMPIO MOVIL;CALLE SILVA, 25;NULL;CALLE;SILVA;NUMERO;25;1;CENTRO;440134,5;4474823,78;40,4218911;-3,705691;SABADO;TARDE;16:45;18:45;https://goo.gl/maps/VFLh7j4Vt9TgtGhD7;http://run.gob.es/PuntoMOVILResiduos
PUNTO LIMPIO MOVIL;GLORIETA EMBAJADORES, 10;NULL;GLORIETA;EMBAJADORES;NUMERO;10;1;CENTRO;440360,0731;4472982,46;40,40532;-3,70286;SABADO;MAÑANA;07:45;09:45;https://goo.gl/maps/Q1UWpobP3KfTyDSh8;http://run.gob.es/PuntoMOVILResiduos
PUNTO LIMPIO MOVIL;GLORIETA RUIZ JIMENEZ, 8;NULL;GLORIETA;RUIZ JIMENEZ;NUMERO;8;1;CENTRO;440138,355;4475639,72;40,42924193;-3,705722844;MARTES;MAÑANA;10:00;12:00;https://goo.gl/maps/jC96v18jidiyDNcG6;http://run.gob.es/PuntoMOVILResiduos
PUNTO LIMPIO MOVIL;PLAZA CEBADA, 5-7;NULL;PLAZA;CEBADA;NUMERO;5-7;1;CENTRO;439790,022;4473664,083;40,41132;-3,70927;SABADO;TARDE;16:45;18:45;https://goo.gl/maps/5r6sz7QbmnXoXr8B9;http://run.gob.es/PuntoMOVILResiduos
PUNTO LIMPIO MOVIL;PLAZA LAVAPIES, 8;NULL;PLAZA;LAVAPIES;NUMERO;8;1;CENTRO;440499,6469;4473354,346;40,40868013;-3,701249994;SABADO;TARDE;19:00;21:00;https://www.google.com/maps;http://run.gob.es/PuntoMOVILResiduos
PUNTO LIMPIO MOVIL;PLAZA MAYOR, 29-30;NULL;PLAZA;MAYOR;NUMERO;29-30;1;CENTRO;440026,346;4474142,611;40,41574723;-3,706902053;SABADO;MAÑANA;12:15;14:15;https://www.google.com/maps;http://run.gob.es/PuntoMOVILResiduos
PUNTO LIMPIO MOVIL;PLAZA SANTA BARBARA, 5;NULL;PLAZA;SANTA BARBARA;NUMERO;5;1;CENTRO;440928,63;4475438,21;40,42748313;-3,696388041;MARTES;TARDE;16:45;18:45;https://www.google.com/maps;http://run.gob.es/PuntoMOVILResiduos
PUNTO LIMPIO MOVIL;PLAZA TIRSO DE MOLINA, 16;NULL;PLAZA;TIRSO DE MOLINA;NUMERO;16;1;CENTRO;440221,4059;4473790,594;40,41259013;-3,704569993;SABADO;TARDE;14:30;16:30;https://goo.gl/maps/enH2do3NNP6R6r9EA;http://run.gob.es/PuntoMOVILResiduos
PUNTO LIMPIO MOVIL;RONDA DE SEGOVIA, 32 FRENTE;FRENTE;RONDA;SEGOVIA;NUMERO;32;1;CENTRO;439287,728;4473306,667;40.40816310205197;-3.715527651820731;LUNES;MAÑANA;07:45;09:45;https://www.google.com/maps;http://run.gob.es/PuntoMOVILResiduos
PUNTO LIMPIO MOVIL;CALLE ARGANDA, 2;NULL;CALLE;ARGANDA;NUMERO;2;2;ARGANZUELA;439813,61;4472287,38;40,399104;-3,709351;MIERCOLES;TARDE;19:00;21:00;https://goo.gl/maps/vfkKwKzh38w9AcEk9;http://run.gob.es/PuntoMOVILResiduos
PUNTO LIMPIO MOVIL;CALLE BUSTAMANTE, 16;NULL;CALLE;BUSTAMANTE ;NUMERO;16;2;ARGANZUELA;441594,58;4472433,27;40,40046014;-3,688261871;JUEVES;MAÑANA;10:00;12:00;https://goo.gl/maps/46a62zrKugFiZAGt7;http://run.gob.es/PuntoMOVILResiduos
PUNTO LIMPIO MOVIL;CALLE COBRE;NULL;CALLE;COBRE;NUMERO;s/n;2;ARGANZUELA;441506,6011;4471686,885;40,39373013;-3,689229994;MARTES;MAÑANA;12:15;14:15;https://goo.gl/maps/mJnrT377bHTyQduM7;http://run.gob.es/PuntoMOVILResiduos
PUNTO LIMPIO MOVIL;CALLE EMBAJADORES, 274;NULL;CALLE;EMBAJADORES;NUMERO;274;2;ARGANZUELA;441501,1689;4470772,24;40,38549013;-3,689209994;MARTES;TARDE;14:30;16:30;https://goo.gl/maps/WRkxZoki5CFQdR3J7;http://run.gob.es/PuntoMOVILResiduos
PUNTO LIMPIO MOVIL;CALLE FERNANDO POO, 36;NULL;CALLE;FERNANDO POO;NUMERO;36;2;ARGANZUELA;440606,9891;4472014,76;40,39662013;-3,699859994;MARTES;MAÑANA;12:15;14:15;https://goo.gl/maps/Kt4QsTjhEvtr7bpWA;http://run.gob.es/PuntoMOVILResiduos
PUNTO LIMPIO MOVIL;CALLE FRAY LUIS DE LEON;NULL;CALLE;FRAY LUIS DE LEON;NUMERO;s/n;2;ARGANZUELA;440713,4576;4472921,948;40,40480013;-3,698689994;DOMINGO;MAÑANA;12:15;14:15;https://goo.gl/maps/KZYz5HmCzbU2fr738;http://run.gob.es/PuntoMOVILResiduos
PUNTO LIMPIO MOVIL;CALLE JUAN DUQUE;NULL;CALLE;JUAN DUQUE;NUMERO;s/n;2;ARGANZUELA;438941,3928;4473524,501;40,41010013;-3,719629993;MARTES;MAÑANA;07:45;09:45;https://goo.gl/maps/hEdUyKzgzfT8U4o77;http://run.gob.es/PuntoMOVILResiduos
PUNTO LIMPIO MOVIL;CALLE MENDEZ ALVARO, 1;NULL;CALLE;MENDEZ ALVARO;NUMERO;1;2;ARGANZUELA;441255,97;4473136,22;40,40676885;-3,692316724;MARTES;MAÑANA;10:00;12:00;https://goo.gl/maps/GzyZ7Bh2NnF6EWNP8;http://run.gob.es/PuntoMOVILResiduos
PUNTO LIMPIO MOVIL;CALLE MENDEZ ALVARO, 44;NULL;CALLE;MENDEZ ALVARO;NUMERO;44;2;ARGANZUELA;441966,39;4472215,35;40,39852299;-3,683860815;JUEVES;MAÑANA;07:45;09:45;https://goo.gl/maps/xKTu8EzA6uiaBkfeA;http://run.gob.es/PuntoMOVILResiduos
PUNTO LIMPIO MOVIL;PASEO CHOPERA, 12;NULL;PASEO;CHOPERA;NUMERO;12;2;ARGANZUELA;440756,121;4471631,644;40,39317945;-3,698067172;SABADO;TARDE;16:45;18:45;https://goo.gl/maps/bBSmZXK7o3E6tUu39;http://run.gob.es/PuntoMOVILResiduos
PUNTO LIMPIO MOVIL;PASEO DELICIAS, 122;NULL;PASEO;DELICIAS;NUMERO;122;2;ARGANZUELA;441031,38;4471817,71;40,39487516;-3,694841268;SABADO;TARDE;14:30;16:30;https://goo.gl/maps/GeCJxWDuwCMHGhps8;http://run.gob.es/PuntoMOVILResiduos
PUNTO LIMPIO MOVIL;PASEO DELICIAS, 24;NULL;PASEO;DELICIAS;NUMERO;24;2;ARGANZUELA;441144,57;4472990,16;40,4054452;-3,693616009;SABADO;MAÑANA;12:15;14:15;https://goo.gl/maps/LtHjiwVY5GzGB1dWA;http://run.gob.es/PuntoMOVILResiduos
PUNTO LIMPIO MOVIL;PASEO DELICIAS, 68;NULL;PASEO;DELICIAS;NUMERO;68;2;ARGANZUELA;441080,3775;4472315,183;40,39936013;-3,694309994;MARTES;TARDE;14:30;16:30;https://goo.gl/maps/ogz3E1t6a8xkGotG6;http://run.gob.es/PuntoMOVILResiduos
PUNTO LIMPIO MOVIL;PASEO ESPERANZA, 21;NULL;PASEO;ESPERANZA;NUMERO;21;2;ARGANZUELA;440234,9732;4472511,692;40,40107013;-3,704289993;MARTES;MAÑANA;10:00;12:00;https://goo.gl/maps/fEUPTPr6N532vPaJ6;http://run.gob.es/PuntoMOVILResiduos
PUNTO LIMPIO MOVIL;PASEO JUAN ANTONIO VALLEJO-NAJERA BOTAS;NULL;PASEO;JUAN ANTONIO VALLEJO-NAJERA BOTAS;NUMERO;s/n;2;ARGANZUELA;439635,228;4472715,177;40,40285996;-3,711376364;SABADO;TARDE;19:00;21:00;https://goo.gl/maps/wKYt7Xd9bux4S4w67;http://run.gob.es/PuntoMOVILResiduos
PUNTO LIMPIO MOVIL;PASEO SANTA MARIA DE LA CABEZA, 64;NULL;PASEO;SANTA MARIA DE LA CABEZA;NUMERO;64;2;ARGANZUELA;440610,311;4472447,205;40,40051605;-3,699861192;SABADO;MAÑANA;10:00;12:00;https://goo.gl/maps/phm6hfmjiaYokQdj7;http://run.gob.es/PuntoMOVILResiduos
PUNTO LIMPIO MOVIL;PLAZA FRANCISCO MORANO, 3;NULL;PLAZA;FRANCISCO MORANO;NUMERO;3;2;ARGANZUELA;439221,366;4472922,621;40,4046986;-3,716273022;SABADO;MAÑANA;12:15;14:15;https://goo.gl/maps/75kziLvnCz94qUyS8;http://run.gob.es/PuntoMOVILResiduos
PUNTO LIMPIO MOVIL;PLAZA LEGAZPI, 5;NULL;PLAZA;LEGAZPI;NUMERO;5;2;ARGANZUELA;441030,604;4471362,474;40,3907741;-3,694808258;SABADO;MAÑANA;07:45;09:45;https://goo.gl/maps/Myt2ASzDH9eYcoCP9;http://run.gob.es/PuntoMOVILResiduos
PUNTO LIMPIO MOVIL;AVENIDA MEDITERRANEO, 15;NULL;AVENIDA;MEDITERRANEO;NUMERO;15;3;RETIRO;442659,8814;4473227,323;40,40768742;-3,6757805108821664;LUNES;MAÑANA;10:00;12:00;https://www.google.com/maps;http://run.gob.es/PuntoMOVILResiduos
PUNTO LIMPIO MOVIL;AVENIDA MENENDEZ PELAYO;FRENTE AL NUMERO 29, EN LA ACERA DE EL RETIRO;AVENIDA;MENENDEZ PELAYO;NUMERO;s/n;3;RETIRO;442393,457;4474445,906;40,41864668;-3,679030573;VIERNES;TARDE;14:30;16:30;https://goo.gl/maps/1QRYeYgcLEcB2s7j6;http://run.gob.es/PuntoMOVILResiduos
PUNTO LIMPIO MOVIL;AVENIDA MENENDEZ PELAYO, 95;NULL;AVENIDA;MENENDEZ PELAYO;NUMERO;95;3;RETIRO;442376,92;4473120,55;40,40670603;-3,679105448;LUNES;MAÑANA;12:15;14:15;https://goo.gl/maps/qWevta69eYaKAhGGA;http://run.gob.es/PuntoMOVILResiduos
PUNTO LIMPIO MOVIL;CALLE AMADO NERVO;FRENTE AL NUMERO 12;CALLE;AMADO NERVO;NUMERO;s/n;3;RETIRO;442788,4988;4473396,478;40,40922013;-3,674279994;JUEVES;MAÑANA;12:15;14:15;https://goo.gl/maps/QGDyYczjZW5JxKRRA;http://run.gob.es/PuntoMOVILResiduos
PUNTO LIMPIO MOVIL;CALLE CERRO DE LA PLATA, 3;NULL;CALLE;CERRO DE LA PLATA;NUMERO;3;3;RETIRO;442752,58;4472399,1;40,40023273;-3,674613586;DOMINGO;MAÑANA;07:45;09:45;https://www.google.com/maps;http://run.gob.es/PuntoMOVILResiduos
PUNTO LIMPIO MOVIL;CALLE CRUZ DEL SUR, 11;NULL;CALLE; CRUZ DEL SUR;NUMERO;11;3;RETIRO;443262,5244;4473498,63;40,41017280;-3,66870272851892;LUNES;TARDE;14:30;16:30;https://www.google.com/maps;http://run.gob.es/PuntoMOVILResiduos
PUNTO LIMPIO MOVIL;CALLE DOCTOR ESQUERDO, 152;NULL;CALLE;DOCTOR ESQUERDO;NUMERO;152;3;RETIRO;442898,22;4472780,66;40,40368003;-3,672931679;VIERNES;MAÑANA;07:45;09:45;https://goo.gl/maps/p6aiU1kfmzm9jxvw8;http://run.gob.es/PuntoMOVILResiduos
PUNTO LIMPIO MOVIL;CALLE DOCTOR ESQUERDO, 94;ESQUINA AVENIDA DE NAZARET, FRENTE AL NUMERO 125;CALLE;DOCTOR ESQUERDO;NUMERO;94;3;RETIRO;443159,445;4473673,17;40,41173813;-3,669933119;LUNES;TARDE;19:00;21:00;https://goo.gl/maps/4dNMYPb1JZJ7Gccy7;http://run.gob.es/PuntoMOVILResiduos
PUNTO LIMPIO MOVIL;CALLE ESTRELLA POLAR, 22;NULL;CALLE;ESTRELLA POLAR;NUMERO;22;3;RETIRO;443476,57;4473573,2;40,41085914;-3,666186786;JUEVES;MAÑANA;10:00;12:00;https://goo.gl/maps/wVzNZZizSimsU4DN9;http://run.gob.es/PuntoMOVILResiduos
PUNTO LIMPIO MOVIL;CALLE IBIZA, 60;NULL;CALLE;IBIZA;NUMERO;60;3;RETIRO;443060,5614;4474360,158;40,41792013;-3,671159994;LUNES;MAÑANA;07:45;09:45;https://goo.gl/maps/sQ2x3ZTTaLR7akUcA;http://run.gob.es/PuntoMOVILResiduos
PUNTO LIMPIO MOVIL;CALLE MAIQUEZ, 26 FRENTE;FRENTE;CALLE;MAIQUEZ;NUMERO;26;3;RETIRO;442906,5776;4474640,06;40,42043107;-3.6730000557269347;MARTES;MAÑANA;07:45;09:45;https://www.google.com/maps;http://run.gob.es/PuntoMOVILResiduos
PUNTO LIMPIO MOVIL;CALLE MARQUES DE LOZOYA;FRENTE AL NUMERO 26;CALLE;MARQUES DE LOZOYA;NUMERO;s/n;3;RETIRO;443735,0149;4474353,956;40,41791013;-3,663209994;VIERNES;MAÑANA;12:15;14:15;https://goo.gl/maps/ne2KAZXswSBAJPZ3A;http://run.gob.es/PuntoMOVILResiduos
PUNTO LIMPIO MOVIL;CALLE MONTALBAN, 7-9;EDIFICIO AYUNTAMIENTO DE MADRID;CALLE;MONTALBAN;NUMERO;7-9;3;RETIRO;441449,91;4474405,04;40,41821268;-3,690148005;JUEVES;MAÑANA;07:45;09:45;https://goo.gl/maps/PiNCz8MMgnLAd6bBA;http://run.gob.es/PuntoMOVILResiduos
PUNTO LIMPIO MOVIL;CALLE MORETO, 4 ESQ CALLE CASADO DEL ALISA; ESQ CALLE CASADO DEL ALISA;CALLE;MORETO;NUMERO;4;3;RETIRO;441401,2364;4473992,455;40,41449247;-3,6906836949426514;VIERNES;TARDE;16:45;18:45;https://www.google.com/maps;http://run.gob.es/PuntoMOVILResiduos
PUNTO LIMPIO MOVIL;CALLE NARVAEZ, 82;NULL;CALLE;NARVAEZ;NUMERO;82;3;RETIRO;442600,3;4474216,15;40,41659121;-3,676571862;JUEVES;MAÑANA;12:15;14:15;https://goo.gl/maps/pBnU3fRkigSBmp59A;http://run.gob.es/PuntoMOVILResiduos
PUNTO LIMPIO MOVIL;CALLE SALIENTE;FRENTE AL NUMERO 10;CALLE;SALIENTE;NUMERO;s/n;3;RETIRO;443446,5464;4474466,022;40,41890013;-3,666619994;VIERNES;TARDE;19:00;21:00;https://goo.gl/maps/dpvjjibPUsLzbR2G9;http://run.gob.es/PuntoMOVILResiduos
PUNTO LIMPIO MOVIL;CALLE SECO, 2;NULL;CALLE;SECO;NUMERO;2;3;RETIRO;442978,33;4472290,07;40,39926602;-3,671943717;LUNES;TARDE;16:45;18:45;https://goo.gl/maps/dkrMKUpKNkqotwMR6;http://run.gob.es/PuntoMOVILResiduos
PUNTO LIMPIO MOVIL;CALLE TELLEZ, 26;INTERSECCION CON CALLE LEON GIL PALACIO;CALLE;TELLEZ;NUMERO;26;3;RETIRO;442345,6651;4472637,26;40,40235013;-3,679429994;JUEVES;TARDE;19:00;21:00;https://goo.gl/maps/tbaXsYk2z1tBbCzi7;http://run.gob.es/PuntoMOVILResiduos
PUNTO LIMPIO MOVIL;CALLE VALDERRIBAS, 25 C;NULL;CALLE;VALDERRIBAS;NUMERO;25 C;3;RETIRO;443125,4302;4472621,316;40,40226013;-3,670239994;JUEVES;TARDE;14:30;16:30;https://goo.gl/maps/uuupudVvbyKBAKm5A;http://run.gob.es/PuntoMOVILResiduos
PUNTO LIMPIO MOVIL;PASEO REINA CRISTINA;FRENTE AL NUMERO 5, INTERSECCION A LA CALLE JULIAN GAYARRE;PASEO;REINA CRISTINA;NUMERO;s/n;3;RETIRO;442007,414;4473121,633;40,40669013;-3,683459994;JUEVES;TARDE;16:45;18:45;https://goo.gl/maps/6P4XKnqRqActVTJv7;http://run.gob.es/PuntoMOVILResiduos
PUNTO LIMPIO MOVIL;AVENIDA BONN, 23 ESQ AVENIDA BRASILIA;ESQ AVENIDA BRASILIA;AVENIDA;BONN;NUMERO;23;4;SALAMANCA;443909,043;4476625,324;40,43838356;-3,6613592243063264;JUEVES;TARDE;14:30;16:30;https://www.google.com/maps;http://run.gob.es/PuntoMOVILResiduos
PUNTO LIMPIO MOVIL;CALLE ALCALA, 237;JUNTO A PLAZA DE TOROS DE LAS VENTAS;CALLE;ALCALA;NUMERO;237;4;SALAMANCA;443683,248;4475825,971;40,43116732;-3,663950523;DOMINGO;MAÑANA;10:00;12:00;https://www.google.com/maps;http://run.gob.es/PuntoMOVILResiduos
PUNTO LIMPIO MOVIL;CALLE ALCALDE SAINZ DE BARANDA, 92;FRENTE. (FACHADA PARQUE FUENTE DEL BERRO).;CALLE;ALCALDE SAINZ DE BARANDA ;NUMERO;92;4;SALAMANCA;443788,85;4474709,95;40,42112075;-3,66260693;JUEVES;MAÑANA;12:15;14:15;https://goo.gl/maps/JdEsKxXEffHyX3GC8;http://run.gob.es/PuntoMOVILResiduos
PUNTO LIMPIO MOVIL;CALLE ALCANTARA, 42 ESQ CALLE JOSE ORTEGA Y GASSET;ESQ CALLE JOSE ORTEGA Y GASSET;CALLE;ALCANTARA;NUMERO;42;4;SALAMANCA;442861,7389;4475671,449;40,429719277;-3,673616481712893;JUEVES;TARDE;19:00;21:00;https://www.google.com/maps;http://run.gob.es/PuntoMOVILResiduos
PUNTO LIMPIO MOVIL;CALLE BERLIN, 3;NULL;CALLE;BERLIN;NUMERO;3;4;SALAMANCA;443741,9257;4476969,204;40,44147013;-3,663359994;SABADO;TARDE;14:30;16:30;https://goo.gl/maps/7Z8VnM61f3ZyvZRJ6;http://run.gob.es/PuntoMOVILResiduos
PUNTO LIMPIO MOVIL;CALLE BRESCIA, 2;INTERSECCION CON CALLE BIARRITZ;CALLE;BRESCIA;NUMERO;2;4;SALAMANCA;443651,029;4476417,999;40,43649844;-3,664382838;JUEVES;TARDE;16:45;18:45;https://goo.gl/maps/4uPdarffFyV6QW34A;http://run.gob.es/PuntoMOVILResiduos
PUNTO LIMPIO MOVIL;CALLE COSLADA, 9;NULL;CALLE;COSLADA;NUMERO;9;4;SALAMANCA;442769,2994;4476576,455;40,437865666;-3,6747924763932374;DOMINGO;MAÑANA;12:15;14:15;https://www.google.com/maps;http://run.gob.es/PuntoMOVILResiduos
PUNTO LIMPIO MOVIL;CALLE DEL PILAR DE ZARAGOZA, 57;INTERSECCION CON CALLE JOSE PICON;CALLE;DEL PILAR DE ZARAGOZA;NUMERO;57;4;SALAMANCA;443058,6328;4476339,411;40,43575013;-3,671359994;SABADO;MAÑANA;12:15;14:15;https://goo.gl/maps/rcDNkHyNiyxZrrnz9;http://run.gob.es/PuntoMOVILResiduos
PUNTO LIMPIO MOVIL;CALLE DOCTOR ESQUERDO, 47;NULL;CALLE;DOCTOR ESQUERDO;NUMERO;47;4;SALAMANCA;443282,996;4474940,143;40,42316013;-3,668589994;SABADO;TARDE;16:45;18:45;https://goo.gl/maps/T1u9NfKrE66TV4BV8;http://run.gob.es/PuntoMOVILResiduos
PUNTO LIMPIO MOVIL;CALLE FRANCISCO SILVELA;INTERSECCION CON CALLE FLORESTON AGUILAR JUNTO AL PARQUE EVA DUARTE;CALLE;FRANCISCO SILVELA;NUMERO;s/n;4;SALAMANCA;443134,133;4475731,165;40,4302759;-3,670415455;JUEVES;TARDE;19:00;21:00;https://goo.gl/maps/E3bcLedPJkSgo7Dt8;http://run.gob.es/PuntoMOVILResiduos
PUNTO LIMPIO MOVIL;CALLE GENERAL DIAZ PORLIER, 41;NULL;CALLE;GENERAL DIAZ PORLIER;NUMERO;41;4;SALAMANCA;442571,4504;4475523,903;40,42837013;-3,677029994;SABADO;TARDE;19:00;21:00;https://goo.gl/maps/nbND1crsKbE4Kf569;http://run.gob.es/PuntoMOVILResiduos
PUNTO LIMPIO MOVIL;CALLE GOYA, 107;NULL;CALLE;GOYA;NUMERO;107;4;SALAMANCA;442907,8;4475125,97;40,42480849;-3,673029266;JUEVES;MAÑANA;10:00;12:00;https://goo.gl/maps/DQkJqK9azn84PaqK9;http://run.gob.es/PuntoMOVILResiduos
PUNTO LIMPIO MOVIL;CALLE GOYA, 38;NULL;CALLE;GOYA;NUMERO;38;4;SALAMANCA;442252,5275;4475141,321;40,42490155;-3,6807548087399287;SABADO;MAÑANA;07:45;09:45;https://www.google.com/maps;http://run.gob.es/PuntoMOVILResiduos
PUNTO LIMPIO MOVIL;CALLE JOSE ORTEGA Y GASSET, 8;NULL;CALLE;JOSE ORTEGA Y GASSET;NUMERO;8;4;SALAMANCA;441807,0592;4475732,941;40,43020013;-3,686059994;DOMINGO;MAÑANA;10:00;12:00;https://goo.gl/maps/ougsBskwxS19qiiY8;http://run.gob.es/PuntoMOVILResiduos
PUNTO LIMPIO MOVIL;CALLE JUAN BRAVO, 35-37;INTERSECCION CON CALLE GENERAL PARDIÑAS ;CALLE;JUAN BRAVO;NUMERO;35-37;4;SALAMANCA;442486,0649;4476004,105;40,43269013;-3,678079994;SABADO;MAÑANA;10:00;12:00;https://goo.gl/maps/qTDXbp1BhHeNoUS6A;http://run.gob.es/PuntoMOVILResiduos
PUNTO LIMPIO MOVIL;CALLE NARVAEZ, 44;NULL;CALLE;NARVAEZ;NUMERO;44;4;RETIRO;442625,56;4474589,96;40,41996042;-3,676307861;VIERNES;MAÑANA;10:00;12:00;https://www.google.com/maps;http://run.gob.es/PuntoMOVILResiduos
PUNTO LIMPIO MOVIL;CALLE VELAZQUEZ, 48;NULL;CALLE;VELAZQUEZ;NUMERO;48;4;SALAMANCA;441987,53;4475362,834;40,42687862;-3,68389872;JUEVES;TARDE;14:30;16:30;https://goo.gl/maps/rbVTL7xmkAQynDwo8;http://run.gob.es/PuntoMOVILResiduos
PUNTO LIMPIO MOVIL;CALLE VELAZQUEZ, 89;NULL;CALLE;VELAZQUEZ;NUMERO;89;4;SALAMANCA;442019,84;4476160,84;40,4340697;-3,683590638;JUEVES;TARDE;16:45;18:45;https://goo.gl/maps/GcCz7B7XKhHfTZaB6;http://run.gob.es/PuntoMOVILResiduos
PUNTO LIMPIO MOVIL;CALLE VILLANUEVA, 20;INTERSECCION CON CALLE CLAUDIO COELLO;CALLE;VILLANUEVA;NUMERO;20;4;SALAMANCA;441714,6727;4474870,029;40,42242013;-3,687069994;SABADO;MAÑANA;10:00;12:00;https://goo.gl/maps/DmYHeedWhg6A28LXA;http://run.gob.es/PuntoMOVILResiduos
PUNTO LIMPIO MOVIL;PASEO MARQUES DE ZAFRA, 32;NULL;PASEO;MARQUES DE ZAFRA;NUMERO;32;4;SALAMANCA;443646,536;4475219,933;40,42570533;-3,664329592;JUEVES;MAÑANA;07:45;09:45;https://goo.gl/maps/jp5bidSi87Nt7RA59;http://run.gob.es/PuntoMOVILResiduos
PUNTO LIMPIO MOVIL;AVENIDA  ALFONSO XIII, 65;NULL;AVENIDA; ALFONSO XIII;NUMERO;65;5;CHAMARTIN;443422,2;4478377,68;40,45413668;-3,667255232;LUNES;MAÑANA;12:15;14:15;https://goo.gl/maps/Va4YKRehdzTcWwAS6;http://run.gob.es/PuntoMOVILResiduos
PUNTO LIMPIO MOVIL;AVENIDA ALBERTO ALCOCER, 28;NULL;AVENIDA;ALBERTO ALCOCER;NUMERO;28;5;CHAMARTIN;442019,601;4478870,532;40,45847985;-3,683840815;LUNES;TARDE;16:45;18:45;https://goo.gl/maps/JFKEfYT2BJYHMXfr9;http://run.gob.es/PuntoMOVILResiduos
PUNTO LIMPIO MOVIL;AVENIDA DOCTOR ARCE, 1;NULL;AVENIDA;DOCTOR ARCE;NUMERO;1;5;CHAMARTIN;441900,658;4477410,635;40,44532013;-3,685109994;DOMINGO;MAÑANA;10:00;12:00;https://goo.gl/maps/1Qj3Qw8avSfRLcHs6;http://run.gob.es/PuntoMOVILResiduos
PUNTO LIMPIO MOVIL;AVENIDA PIO XII, 46;NULL;AVENIDA;PIO XII;NUMERO;46;5;CHAMARTIN;442890,9594;4479932,861;40,46811013;-3,673659994;JUEVES;MAÑANA;10:00;12:00;https://goo.gl/maps/kgCPtMtg1sFYoZWp7;http://run.gob.es/PuntoMOVILResiduos
PUNTO LIMPIO MOVIL;CALLE CLARA DEL REY, 21;NULL;CALLE;CLARA DEL REY;NUMERO;21;5;CHAMARTIN;443000,345;4476931,781;40,4410825;-3,672100324;JUEVES;TARDE;19:00;21:00;https://goo.gl/maps/GTFCNxqyYfsAPEYA7;http://run.gob.es/PuntoMOVILResiduos
PUNTO LIMPIO MOVIL;CALLE ENRIQUE LARRETA, 14;NULL;CALLE;ENRIQUE LARRETA;NUMERO;14;5;CHAMARTIN;441795,159;4480002,772;40,46866386;-3,68659163;LUNES;TARDE;19:00;21:00;https://goo.gl/maps/HXRVgZ6UmNkx87sA6;http://run.gob.es/PuntoMOVILResiduos
PUNTO LIMPIO MOVIL;CALLE GENERAL LOPEZ POZAS, 16;NULL;CALLE;GENERAL LOPEZ POZAS;NUMERO;16;5;CHAMARTIN;441894,1537;4479631,934;40,46533013;-3,685389994;JUEVES;MAÑANA;12:15;14:15;https://goo.gl/maps/MDsNTa7zcuA3W8J6A;http://run.gob.es/PuntoMOVILResiduos
PUNTO LIMPIO MOVIL;CALLE MAURICIO LEGENDRE, 5;NULL;CALLE;MAURICIO LEGENDRE;NUMERO;5;5;CHAMARTIN;441764,3;4480066,56;40,46923633;-3,686961477;MARTES;TARDE;16:45;18:45;https://goo.gl/maps/HJZnka4S826Ypkoh9;http://run.gob.es/PuntoMOVILResiduos
PUNTO LIMPIO MOVIL;CALLE PADRE CLARET, 17;NULL;CALLE;PADRE CLARET;NUMERO;17;5;CHAMARTIN;443640,9353;4477637,111;40,44748013;-3,664609994;LUNES;MAÑANA;10:00;12:00;https://goo.gl/maps/zm5pZMqoND8YpJzc6;http://run.gob.es/PuntoMOVILResiduos
PUNTO LIMPIO MOVIL;CALLE PRADILLO, 22;NULL;CALLE;PRADILLO;NUMERO;22;5;CHAMARTIN;442881,2624;4477772,744;40,44865013;-3,673579994;LUNES;MAÑANA;07:45;09:45;https://goo.gl/maps/TdgxMdnYj5LtQcym9;http://run.gob.es/PuntoMOVILResiduos
PUNTO LIMPIO MOVIL;CALLE PRINCIPE DE VERGARA, 110;NULL;CALLE;PRINCIPE DE VERGARA;NUMERO;110;5;CHAMARTIN;442421,3294;4476741,685;40,43933013;-3,678909994;DOMINGO;MAÑANA;07:45;09:45;https://goo.gl/maps/CUyFymftJAWRJEBw6;http://run.gob.es/PuntoMOVILResiduos
PUNTO LIMPIO MOVIL;CALLE PRINCIPE DE VERGARA, 142;NULL;CALLE;PRINCIPE DE VERGARA;NUMERO;142;5;CHAMARTIN;442484,787;4477330,643;40,44464014;-3,678215136;LUNES;MAÑANA;07:45;09:45;https://goo.gl/maps/VLszDMdcUpkXVXfB6;http://run.gob.es/PuntoMOVILResiduos
PUNTO LIMPIO MOVIL;CALLE PRINCIPE DE VERGARA, 248;NULL;CALLE;PRINCIPE DE VERGARA;NUMERO;248;5;CHAMARTIN;442572,6179;4478331,248;40,45366013;-3,677269994;JUEVES;TARDE;14:30;16:30;https://goo.gl/maps/XAEZzrj7uW8NAQTbA;http://run.gob.es/PuntoMOVILResiduos
PUNTO LIMPIO MOVIL;CALLE SANTA HORTENSIA, 2;NULL;CALLE;SANTA HORTENSIA;NUMERO;2;5;CHAMARTIN;443127,33;4477472,14;40,44595901;-3,670651482;JUEVES;TARDE;16:45;18:45;https://goo.gl/maps/FTt6LgGuEKGpvYej7;http://run.gob.es/PuntoMOVILResiduos
PUNTO LIMPIO MOVIL;CALLE SANTA MARIA MAGDALENA, 18;NULL;CALLE;SANTA MARIA MAGDALENA;NUMERO;18;5;CHAMARTIN;443152,8359;4479362,512;40,46299013;-3,670519994;JUEVES;MAÑANA;07:45;09:45;https://goo.gl/maps/VjTL4cn53n6SprTR9;http://run.gob.es/PuntoMOVILResiduos
PUNTO LIMPIO MOVIL;CALLE SANTO DOMINGO DE SILOS, 7;NULL;CALLE;SANTO DOMINGO DE SILOS ;NUMERO;7;5;CHAMARTIN;441753,113;4478129,02;40,45178134;-3,686915621;LUNES;MAÑANA;10:00;12:00;https://goo.gl/maps/329yiS2wP4eMHKem6;http://run.gob.es/PuntoMOVILResiduos
PUNTO LIMPIO MOVIL;PLAZA DEL PERU;NULL;PLAZA;DEL PERU;NUMERO;s/n;5;CHAMARTIN;442655,011;4479090,612;40,46050652;-3,676366952;LUNES;TARDE;14:30;16:30;https://www.google.com/maps;http://run.gob.es/PuntoMOVILResiduos
PUNTO LIMPIO MOVIL;AVENIDA DE ASTURIAS, 44;NULL;AVENIDA;DE ASTURIAS;NUMERO;44;6;TETUAN;440918,17;4480247,98;40,47081088;-3,696958818;MIERCOLES;MAÑANA;07:45;09:45;https://goo.gl/maps/LrzEmj2MRfsFx1Hv8;http://run.gob.es/PuntoMOVILResiduos
PUNTO LIMPIO MOVIL;AVENIDA PABLO IGLESIAS, 36;NULL;AVENIDA;PABLO IGLESIAS;NUMERO;36;6;TETUAN;439881,604;4477758,482;40,44831013;-3,708949993;MIERCOLES;MAÑANA;07:45;09:45;https://www.google.com/maps;http://run.gob.es/PuntoMOVILResiduos
PUNTO LIMPIO MOVIL;CALLE AVIADOR ZORITA, 46;NULL;CALLE;AVIADOR ZORITA;NUMERO;46;6;TETUAN;440810,54;4478065,39;40,45114155;-3,69802484;MIERCOLES;TARDE;19:00;21:00;https://goo.gl/maps/ZWRwkmfrcKF3dhDu8;http://run.gob.es/PuntoMOVILResiduos
PUNTO LIMPIO MOVIL;CALLE CAPITAN BLANCO ARGIBAY, 134;NULL;CALLE;CAPITAN BLANCO ARGIBAY;NUMERO;134;6;TETUAN;440294,3535;4479853,22;40,46721013;-3,704279993;MIERCOLES;TARDE;16:45;18:45;https://goo.gl/maps/GpurYy6W9ogy7LHv6;http://run.gob.es/PuntoMOVILResiduos
PUNTO LIMPIO MOVIL;CALLE FRANCOS RODRIGUEZ, 57;NULL;CALLE;FRANCOS RODRIGUEZ;NUMERO;57;6;TETUAN;439862,49;4478702;40,45680834;-3,709264743;LUNES;MAÑANA;10:00;12:00;https://goo.gl/maps/Vkke1gYdTx7N9imy6;http://run.gob.es/PuntoMOVILResiduos
PUNTO LIMPIO MOVIL;CALLE HIERBABUENA, 13;NULL;CALLE;HIERBABUENA;NUMERO;13;6;TETUAN;440494,0676;4479060,146;40,46008013;-3,701849994;LUNES;TARDE;16:45;18:45;https://goo.gl/maps/oQkmPSfa3ZLYw2J6A;http://run.gob.es/PuntoMOVILResiduos
PUNTO LIMPIO MOVIL;CALLE JERONIMA LLORENTE, 65;NULL;CALLE;JERONIMA LLORENTE;NUMERO;65;6;TETUAN;439955,62;4478314,84;40,45332738;-3,708129826;LUNES;MAÑANA;07:45;09:45;https://goo.gl/maps/x2Dfd7EgPUEFSfjx5;http://run.gob.es/PuntoMOVILResiduos
PUNTO LIMPIO MOVIL;CALLE LOPE DE HARO, 36;NULL;CALLE;LOPE DE HARO;NUMERO;36;6;TETUAN;440251,836;4478691,423;40,45674114;-3,704672112;MIERCOLES;MAÑANA;12:15;14:15;https://goo.gl/maps/5o9But5bLg78pBco7;http://run.gob.es/PuntoMOVILResiduos
PUNTO LIMPIO MOVIL;CALLE MARQUES DE VIANA, 70;NULL;CALLE;MARQUES DE VIANA;NUMERO;70;6;TETUAN;440293,0737;4479480,245;40,46385013;-3,704259993;MIERCOLES;TARDE;14:30;16:30;https://goo.gl/maps/EYsDF6zoDmar48GK6;http://run.gob.es/PuntoMOVILResiduos
PUNTO LIMPIO MOVIL;CALLE ORENSE, 2;AZCA;CALLE;ORENSE;NUMERO;2;6;TETUAN;441050,0393;4477613,422;40,44708703;-3,69515866051398;MARTES;TARDE;19:00;21:00;https://goo.gl/maps/aQM8L8sGKNxz53pn7;http://run.gob.es/PuntoMOVILResiduos
PUNTO LIMPIO MOVIL;CALLE ORENSE, 9;NULL;CALLE;ORENSE;NUMERO;9;6;TETUAN;441017,2;4477688,809;40,44776383;-3,69555288;MIERCOLES;MAÑANA;10:00;12:00;https://goo.gl/maps/mE6gCTKrSezmL7S39;http://run.gob.es/PuntoMOVILResiduos
PUNTO LIMPIO MOVIL;CALLE PAMPLONA, 8;NULL;CALLE;PAMPLONA;NUMERO;8;6;TETUAN;440267,1147;4478390,508;40,45403146;-3,704463622274295;DOMINGO;MAÑANA;12:15;14:15;https://www.google.com/maps;http://run.gob.es/PuntoMOVILResiduos
PUNTO LIMPIO MOVIL;CALLE PEDRO TEIXEIRA, 10;INTERSECCION CON CALLE POETA JOAN MARAGALL;CALLE;PEDRO TEIXEIRA;NUMERO;10;6;TETUAN;441286,564;4478482,201;40,45493013;-3,692449994;LUNES;MAÑANA;12:15;14:15;https://goo.gl/maps/ZskGvR22xJz9WVyK6;http://run.gob.es/PuntoMOVILResiduos
PUNTO LIMPIO MOVIL;CALLE PINOS ALTA, 62 FRENTE ;NULL;CALLE; PINOS ALTA;NUMERO;62;6;TETUAN;440805,1301;4480001,621;40,46858353;-3,698269219534012;MIERCOLES;TARDE;14:30;16:30;https://www.google.com/maps;http://run.gob.es/PuntoMOVILResiduos
PUNTO LIMPIO MOVIL;CALLE POETA JOAN MARAGALL, 45;FRENTE AL NUMERO 54, INTERSECCION CON CALLE DE ROSARIO PINO;CALLE;POETA JOAN MARAGALL;NUMERO;45;6;TETUAN;441349,291;4479300,464;40,46230582;-3,691785867;LUNES;TARDE;19:00;21:00;https://www.google.com/maps;http://run.gob.es/PuntoMOVILResiduos
PUNTO LIMPIO MOVIL;CALLE SAN AQUILINO 13 FRENTE;FRENTE;CALLE;SAN AQUILINO;NUMERO;13;6;TETUAN;441542,92;4480214,904;40,47055711;-3,6895864235296383;DOMINGO;MAÑANA;12:15;14:15;https://www.google.com/maps;http://run.gob.es/PuntoMOVILResiduos
PUNTO LIMPIO MOVIL;CALLE SAN GERMAN, 52 C/V CALLE LERIDA; C/V CALLE LERIDA;CALLE;SAN GERMAN;NUMERO;52;6;TETUAN;440711,8458;4478750,974;40,45731053;-3,699252693672443;LUNES;MAÑANA;10:00;12:00;https://www.google.com/maps;http://run.gob.es/PuntoMOVILResiduos
PUNTO LIMPIO MOVIL;CALLE SOR ANGELA DE LA CRUZ, 12;NULL;CALLE;SOR ANGELA DE LA CRUZ;NUMERO;12;6;TETUAN;441202,5215;4478982,759;40,45943342;-3,693487470961214;MIERCOLES;MAÑANA;10:00;12:00;https://goo.gl/maps/PaqRwfAeAyeHiGUq6;http://run.gob.es/PuntoMOVILResiduos
PUNTO LIMPIO MOVIL;PASEO  DIRECCION, 87;NULL;CALLE;DIRECCION;NUMERO;87;6;TETUAN;440064,6999;4479119,726;40,46058598;-3,7069194924106;LUNES;MAÑANA;07:45;09:45;https://www.google.com/maps;http://run.gob.es/PuntoMOVILResiduos
PUNTO LIMPIO MOVIL;PASEO DE LA DIRECCION, 328;NULL;PASEO;DE LA DIRECCION;NUMERO;328;6;TETUAN;440313,7611;4480160,556;40,46998013;-3,704079993;LUNES;MAÑANA;12:15;14:15;https://goo.gl/maps/pBZ2ig9hV4K1LRCq7;http://run.gob.es/PuntoMOVILResiduos
PUNTO LIMPIO MOVIL;PLAZA DE LA REMONTA, 3;NULL;PLAZA;DE LA REMONTA;NUMERO;3;6;TETUAN;440857,184;4479555,852;40,46457158;-3,697613671;LUNES;TARDE;14:30;16:30;https://goo.gl/maps/woUAm1UWQJKMXuMQ7;http://run.gob.es/PuntoMOVILResiduos
PUNTO LIMPIO MOVIL;AVENIDA ISLAS FILIPINAS, 32;NULL;AVENIDA;ISLAS FILIPINAS;NUMERO;32;7;CHAMBERI;439926,3701;4476890,045;40,44049013;-3,708339993;MIERCOLES;TARDE;19:00;21:00;https://goo.gl/maps/YvY9TKc8b2peyA217;http://run.gob.es/PuntoMOVILResiduos
PUNTO LIMPIO MOVIL;AVENIDA PABLO IGLESIAS, 9  ESQUINA AV FILIPINAS;ESQUINA AV FILIPINAS;AVENIDA;PABLO IGLESIAS;NUMERO;9;7;CHAMBERI;440199,7764;4477102,91;40,44242740;-3,7051364828058775;MIERCOLES;TARDE;16:45;18:45;https://www.google.com/maps;http://run.gob.es/PuntoMOVILResiduos
PUNTO LIMPIO MOVIL;CALLE  JENNER, 10;NULL;CALLE;JENNER;NUMERO;10;7;CHAMBERI;441370,8792;4475939,646;40,43203158;-3,6912210153947314;MIERCOLES;MAÑANA;07:45;09:45;https://www.google.com/maps;http://run.gob.es/PuntoMOVILResiduos
PUNTO LIMPIO MOVIL;CALLE AGUSTIN DE BETANCOURT, 1;NULL;CALLE;AGUSTIN DE BETANCOURT;NUMERO;1;7;CHAMBERI;441053,61;4477057;40,4420748;-3,695064913;MIERCOLES;TARDE;14:30;16:30;https://goo.gl/maps/gTPX7h18xtVkKJ4t9;http://run.gob.es/PuntoMOVILResiduos
PUNTO LIMPIO MOVIL;CALLE ARAPILES, 21;NULL;CALLE;ARAPILES;NUMERO;21;7;CHAMBERI;439904,281;4476035,91;40,43279411;-3,708519655;DOMINGO;MAÑANA;07:45;09:45;https://goo.gl/maps/yYuhUwvSxUwQqgpA6;http://run.gob.es/PuntoMOVILResiduos
PUNTO LIMPIO MOVIL;CALLE BRAVO MURILLO, 41;NULL;CALLE;BRAVO MURILLO;NUMERO;41;7;CHAMBERI;440186,51;4476585,12;40,43776198;-3,705244148;SABADO;MAÑANA;12:15;14:15;https://goo.gl/maps/DNpDG4djng8eFkpR6;http://run.gob.es/PuntoMOVILResiduos
PUNTO LIMPIO MOVIL;CALLE BRAVO MURILLO, 8;NULL;CALLE;BRAVO MURILLO;NUMERO;8;7;CHAMBERI;440268,334;4476210,982;40,43439746;-3,704244286;SABADO;TARDE;19:00;21:00;https://goo.gl/maps/pRZMvBTkacWjiXMj6;http://run.gob.es/PuntoMOVILResiduos
PUNTO LIMPIO MOVIL;CALLE BRAVO MURILLO, 92;NULL;CALLE;BRAVO MURILLO;NUMERO;92;7;CHAMBERI;440317,12;4477482,65;40,4458567;-3,703788592;SABADO;TARDE;16:45;18:45;https://goo.gl/maps/RxFQttLrPUXvBjaN7;http://run.gob.es/PuntoMOVILResiduos
PUNTO LIMPIO MOVIL;CALLE CEA BERMUDEZ, 22;NULL;CALLE;CEA BERMUDEZ;NUMERO;32;7;CHAMBERI;439959,0173;4476737,349;40,439116921;-3,7079406494252645;MIERCOLES;MAÑANA;12:15;14:15;https://www.google.com/maps;http://run.gob.es/PuntoMOVILResiduos
PUNTO LIMPIO MOVIL;CALLE DONOSO CORTES, 47;NULL;CALLE;DONOSO CORTES;NUMERO;47;7;CHAMBERI;439577,0709;4476425,671;40,436281535;-3,712414196826019;MIERCOLES;TARDE;19:00;21:00;https://www.google.com/maps;http://run.gob.es/PuntoMOVILResiduos
PUNTO LIMPIO MOVIL;CALLE FERNANDEZ DE LOS RIOS, 62;NULL;CALLE;FERNANDEZ DE LOS RIOS;NUMERO;62;7;CHAMBERI;439625,55;4476321,63;40,43534781;-3,711832755;DOMINGO;MAÑANA;10:00;12:00;https://goo.gl/maps/2gssruDWNQfPjkCN7;http://run.gob.es/PuntoMOVILResiduos
PUNTO LIMPIO MOVIL;CALLE FERNANDO EL CATOLICO, 73;NULL;CALLE;FERNANDO EL CATOLICO;NUMERO;73;7;CHAMBERI;439239,8566;4476218,438;40,43439013;-3,716369993;MARTES;MAÑANA;07:45;09:45;https://goo.gl/maps/QwmX37QpcQ3hzDNL7;http://run.gob.es/PuntoMOVILResiduos
PUNTO LIMPIO MOVIL;CALLE FRANCISCO DE ROJAS, 11;NULL;CALLE;FRANCISCO DE ROJAS;NUMERO;11;7;CHAMBERI;440624,4736;4475722,237;40,43002013;-3,699999994;MARTES;TARDE;14:30;16:30;https://goo.gl/maps/XY7EWaJgyNS1kYcG9;http://run.gob.es/PuntoMOVILResiduos
PUNTO LIMPIO MOVIL;CALLE GARCIA DE PAREDES, 82;NULL;CALLE;GARCIA DE PAREDES;NUMERO;82;7;CHAMBERI;441208,6531;4476442,505;40,43655013;-3,693179994;MARTES;TARDE;16:45;18:45;https://goo.gl/maps/hoGQmbLiBZ37YuDL7;http://run.gob.es/PuntoMOVILResiduos
PUNTO LIMPIO MOVIL;CALLE GARCIA PAREDES, 32;NULL;CALLE;GARCIA PAREDES;NUMERO;32;7;CHAMBERI;440684,8501;4476491,036;40,43695013;-3,699359994;MARTES;MAÑANA;12:15;14:15;https://goo.gl/maps/JTS7cLqkScVDocoM7;http://run.gob.es/PuntoMOVILResiduos
PUNTO LIMPIO MOVIL;CALLE JOAQUIN MARIA LOPEZ, 54;NULL;CALLE;JOAQUIN MARIA LOPEZ;NUMERO;54;7;CHAMBERI;439312,5269;4476603,044;40,43786013;-3,715549993;MARTES;MAÑANA;10:00;12:00;https://goo.gl/maps/1NU8pUU5NpyHvnQNA;http://run.gob.es/PuntoMOVILResiduos
PUNTO LIMPIO MOVIL;CALLE RIOS ROSAS, 32 ESQ PONZANO;ESQ PONZANO;CALLE;RIOS ROSAS;NUMERO;32;7;CHAMBERI;440747,8857;4477022,279;40,44174028;-3,698666369478305;MIERCOLES;TARDE;19:00;21:00;https://www.google.com/maps;http://run.gob.es/PuntoMOVILResiduos
PUNTO LIMPIO MOVIL;CALLE SAN BERNARDO, 107;NULL;CALLE;SAN BERNARDO;NUMERO;107;7;CHAMBERI;440139,1563;4475972,847;40,432242939;-3,7057447779213515;MIERCOLES;MAÑANA;10:00;12:00;https://www.google.com/maps;http://run.gob.es/PuntoMOVILResiduos
PUNTO LIMPIO MOVIL;CALLE SANTA ENGRACIA, 126;NULL;CALLE;SANTA ENGRACIA;NUMERO;126;7;CHAMBERI;440516,66;4477005,22;40,44157;-3,701391;SABADO;MAÑANA;10:00;12:00;https://goo.gl/maps/KfeyB3VbFe8k7Nm56;http://run.gob.es/PuntoMOVILResiduos
PUNTO LIMPIO MOVIL;CALLE VALLEHERMOSO;NULL;CALLE;VALLEHERMOSO;NUMERO;s/n;7;CHAMBERI;439898,349;4476357,436;40,43569013;-3,708619993;MIERCOLES;TARDE;16:45;18:45;https://goo.gl/maps/dTetv2MT7uCq8QJj7;http://run.gob.es/PuntoMOVILResiduos
PUNTO LIMPIO MOVIL;PASEO SAN FRANCISCO DE SALES, 33;NULL;PASEO;SAN FRANCISCO DE SALES;NUMERO;33;7;CHAMBERI;439487,2337;4477125,572;40,44258001;-3,713539992;SABADO;TARDE;14:30;16:30;https://goo.gl/maps/yhzUB7rKY3nS5YUW8;http://run.gob.es/PuntoMOVILResiduos
PUNTO LIMPIO MOVIL;PLAZA CHAMBERI, 4;NULL;PLAZA;CHAMBERI;NUMERO;4;7;CHAMBERI;440871,32;4476057,915;40,43306165;-3,697121262;SABADO;MAÑANA;07:45;09:45;https://www.google.com/maps;http://run.gob.es/PuntoMOVILResiduos
PUNTO LIMPIO MOVIL;PLAZA SAN JUAN DE LA CRUZ, 3;NULL;PLAZA;SAN JUAN DE LA CRUZ;NUMERO;3;7;CHAMBERI;441112,5945;4476955,001;40,44116013;-3,694359994;MARTES;TARDE;19:00;21:00;https://goo.gl/maps/iBXibmPyW2Zx1Vr16;http://run.gob.es/PuntoMOVILResiduos
PUNTO LIMPIO MOVIL;AVENIDA CARDENAL HERRERA ORIA, 259;NULL;AVENIDA;CARDENAL HERRERA ORIA;NUMERO;259;8;FUENCARRAL-EL PARDO;438776,03;4481302,62;40,48015632;-3,722328509;LUNES;TARDE;14:30;16:30;https://goo.gl/maps/wU8w81pX1rpjJgzn7;http://run.gob.es/PuntoMOVILResiduos
PUNTO LIMPIO MOVIL;AVENIDA EL FERROL, 6;NULL;AVENIDA;EL FERROL;NUMERO;6;8;FUENCARRAL-EL PARDO;440330,32;4480667,53;40,47454833;-3,703932363;DOMINGO;MAÑANA;10:00;12:00;https://goo.gl/maps/q1pEuefmCPjr6WZr7;http://run.gob.es/PuntoMOVILResiduos
PUNTO LIMPIO MOVIL;AVENIDA MONASTERIO DE SILOS;NULL;AVENIDA;MONASTERIO DE SILOS;NUMERO;s/n;8;FUENCARRAL-EL PARDO;440150,584;4483879,66;40,5034714;-3,706355909;VIERNES;MAÑANA;12:15;14:15;https://goo.gl/maps/6bPkVgJVaaBm8dW39;http://run.gob.es/PuntoMOVILResiduos
PUNTO LIMPIO MOVIL;AVENIDA MONFORTE DE LEMOS, 1;NULL;AVENIDA;AVDA. MONFORTE DE LEMOS;NUMERO;1;8;FUENCARRAL-EL PARDO;441706,39;4480710,18;40,47503026;-3,687703698;MARTES;TARDE;14:30;16:30;https://goo.gl/maps/cwX2kQp9noSSgY9LA;http://run.gob.es/PuntoMOVILResiduos
PUNTO LIMPIO MOVIL;CALLE ABETAL, 3-5;NULL;CALLE;ABETAL;NUMERO;3-5;8;FUENCARRAL-EL PARDO;443856,16;4483545,97;40,50072441;-3,662595179;MARTES;MAÑANA;12:15;14:15;https://goo.gl/maps/eEkZgbFw329nBSUr8;http://run.gob.es/PuntoMOVILResiduos
PUNTO LIMPIO MOVIL;CALLE AFUERAS A VALVERDE, 23;NULL;CALLE;AFUERAS A VALVERDE;NUMERO;23;8;FUENCARRAL-EL PARDO;441617,573;4483190,341;40,49736629;-3,688979853;LUNES;TARDE;14:30;16:30;https://goo.gl/maps/EjHsoHec1Y1Vx9iU6;http://run.gob.es/PuntoMOVILResiduos
PUNTO LIMPIO MOVIL;CALLE CANDIDO MATEOS, 17;NULL;CALLE;CANDIDO MATEOS;NUMERO;17;8;FUENCARRAL-EL PARDO;439092,72;4480602,99;40,4738771;-3,718525244;LUNES;TARDE;16:45;18:45;https://goo.gl/maps/hHUzSLwjwxThuozr9;http://run.gob.es/PuntoMOVILResiduos
PUNTO LIMPIO MOVIL;CALLE CERRO DE MINGUETE, 9;NULL;CALLE;PEÑA DEL CUERVO;NUMERO;5;8;FUENCARRAL-EL PARDO;439019,02;4482030,84;40,48673425;-3,719531943;LUNES;MAÑANA;12:15;14:15;https://goo.gl/maps/HwbxMYbhTEEanxpL9;http://run.gob.es/PuntoMOVILResiduos
PUNTO LIMPIO MOVIL;CALLE FEDERICO MOMPOU, 4;EDIFICIO TELECINCO;CALLE;FEDERICO MOMPOU;NUMERO;4;8;FUENCARRAL-EL PARDO;442484,39;4484676,35;40,51081335;-3,678886058;MARTES;MAÑANA;07:45;09:45;https://goo.gl/maps/PDUwtGnk6mEyYwpZ7;http://run.gob.es/PuntoMOVILResiduos
PUNTO LIMPIO MOVIL;CALLE FERMIN CABALLERO, 49-51;NULL;CALLE;FERMIN CABALLERO;NUMERO;49-51;8;FUENCARRAL-EL PARDO;440114,522;4481748,338;40,48426912;-3,706580057;LUNES;TARDE;19:00;21:00;https://goo.gl/maps/P5aTSozWqHHJx6G58;http://run.gob.es/PuntoMOVILResiduos
PUNTO LIMPIO MOVIL;CALLE FRESNEDILLAS, 9;FRENTE;CALLE;FRESNEDILLAS;NUMERO;9;8;FUENCARRAL-EL PARDO;437078,5713;4481062,919;40,47787013;-3,742329993;MIERCOLES;MAÑANA;07:45;09:45;https://goo.gl/maps/RHMkbeyQRDKkh8mj6;http://run.gob.es/PuntoMOVILResiduos
PUNTO LIMPIO MOVIL;CALLE JOAQUIN LORENZO, 106;NULL;CALLE;JOAQUIN LORENZO;NUMERO;106;8;FUENCARRAL-EL PARDO;437626,6923;4480819,66;40,47572013;-3,735839993;VIERNES;TARDE;19:00;21:00;https://goo.gl/maps/PU7jRJvzqPibn41T8;http://run.gob.es/PuntoMOVILResiduos
PUNTO LIMPIO MOVIL;CALLE JULIO PALACIOS, 10;NULL;CALLE;JULIO PALACIOS;NUMERO;10;8;FUENCARRAL-EL PARDO;443159,445;4473673,17;40,41173813;-3,669933119;LUNES;TARDE;16:45;18:45;https://goo.gl/maps/qJ6MEomomNzS55jy6;http://run.gob.es/PuntoMOVILResiduos
PUNTO LIMPIO MOVIL;CALLE LEOPOLDO ALAS CLARIN;ACERA DE LOS PARES, FRENTE AL NUMERO 41;CALLE;LEOPOLDO ALAS CLARIN;NUMERO;s/n;8;FUENCARRAL-EL PARDO;437856,745;4481403,305;40,48099503;-3,733183387;VIERNES;TARDE;16:45;18:45;https://goo.gl/maps/8AXBEAAuHUTrvDzd8;http://run.gob.es/PuntoMOVILResiduos
PUNTO LIMPIO MOVIL;CALLE MONFORTE DE LEMOS, 38;NULL;CALLE;MONFORTE DE LEMOS;NUMERO;38;8;FUENCARRAL-EL PARDO;439866,365;4481101,211;40,47842163;-3,709446437;DOMINGO;MAÑANA;07:45;09:45;https://goo.gl/maps/MnzRecYE3jCPTmZH6;http://run.gob.es/PuntoMOVILResiduos
PUNTO LIMPIO MOVIL;CALLE NUESTRA SEÑORA DE VALVERDE, 17;NULL;CALLE;NUESTRA SEÑORA DE VALVERDE;NUMERO;17;8;FUENCARRAL-EL PARDO;441802,948;4482622,729;40,49226604;-3,686740229;LUNES;TARDE;19:00;21:00;https://goo.gl/maps/SHQ6V9WY4JCV7L2u6;http://run.gob.es/PuntoMOVILResiduos
PUNTO LIMPIO MOVIL;CALLE NURIA, 59;EN FRENTE DEL CENTRO COMERCIAL;CALLE;NURIA;NUMERO;59;8;FUENCARRAL-EL PARDO;440009,165;4482762,539;40,49339779;-3,707919056;MIERCOLES;TARDE;16:45;18:45;https://goo.gl/maps/Co5pJDwFDk51Nhm58;http://run.gob.es/PuntoMOVILResiduos
PUNTO LIMPIO MOVIL;CALLE PICO MILANO, 9;NULL;CALLE;PICO MILANO;NUMERO;9;8;FUENCARRAL-EL PARDO;439592,5464;4481975,774;40,48628013;-3,712759993;VIERNES;TARDE;14:30;16:30;https://goo.gl/maps/zteXzNSTpjHooz9r7;http://run.gob.es/PuntoMOVILResiduos
PUNTO LIMPIO MOVIL;CALLE RIBADAVIA, 27;LATERAL FRENTE A SUPERMERCADO;CALLE;RIBADAVIA;NUMERO;27;8;FUENCARRAL-EL PARDO;439928,9523;4480487,778;40,47290013;-3,708649993;MIERCOLES;MAÑANA;10:00;12:00;https://goo.gl/maps/B6yenmZ2FuXj6iG39;http://run.gob.es/PuntoMOVILResiduos
PUNTO LIMPIO MOVIL;CALLE SAN MODESTO;INTERSECCION CON CALLE ISIDRO FERNANDEZ;CALLE;SAN MODESTO;NUMERO;s/n;8;FUENCARRAL-EL PARDO;441903,6556;4481728,788;40,48422013;-3,685469994;VIERNES;MAÑANA;07:45;09:45;https://goo.gl/maps/Y6aU3tL9V9prvhoP6;http://run.gob.es/PuntoMOVILResiduos
PUNTO LIMPIO MOVIL;CALLE SANGENJO, 12;NULL;CALLE;SANGENJO;NUMERO;12;8;FUENCARRAL-EL PARDO;440461,0688;4481732,363;40,48415013;-3,702489994;MIERCOLES;TARDE;14:30;16:30;https://goo.gl/maps/xtmtxTq5ngjMGVhn9;http://run.gob.es/PuntoMOVILResiduos
PUNTO LIMPIO MOVIL;CAMINO GANAPANES;INTERSECCION CON CALLE LA BAÑEZA;CAMINO;GANAPANES;NUMERO;s/n;8;FUENCARRAL-EL PARDO;439312,6687;4480804,684;40,47571013;-3,715949993;MIERCOLES;MAÑANA;12:15;14:15;https://goo.gl/maps/8SB31CesKGr6Q4m26;http://run.gob.es/PuntoMOVILResiduos
PUNTO LIMPIO MOVIL;PLAZA TRES OLIVOS;FRENTE AL NUMERO 6;PLAZA;TRES OLIVOS;NUMERO;s/n;8;FUENCARRAL-EL PARDO;441473,27;4483648,27;40,50148;-3,69072;VIERNES;MAÑANA;10:00;12:00;https://www.google.com/maps;http://run.gob.es/PuntoMOVILResiduos
PUNTO LIMPIO MOVIL;RONDA DE LA COMUNICACION, 2;EDIFICIO TELEFONICA;RONDA;RONDA DE LA COMUNICACION;NUMERO;2;8;FUENCARRAL-EL PARDO;443723,05;4485009,33;40,51389793;-3,664296067;MARTES;MAÑANA;10:00;12:00;https://goo.gl/maps/dvz1VwLZ2Z7PPDu88;http://run.gob.es/PuntoMOVILResiduos
PUNTO LIMPIO MOVIL;AVENIDA COMPLUTENSE, S/N;FRENTE SERVICIO DE INFORMATICA;AVENIDA;COMPLUTENSE;NUMERO;s/n;9;MONCLOA-ARAVACA;438300,2394;4478098,817;40,45126013;-3,727629993;MIERCOLES;MAÑANA;12:15;14:15;https://goo.gl/maps/sjmS8Ux8mMc7uiPn6;http://run.gob.es/PuntoMOVILResiduos
PUNTO LIMPIO MOVIL;AVENIDA OSA MAYOR, 23;NULL;AVENIDA;OSA MAYOR;NUMERO;23;9;MONCLOA-ARAVACA;433960,099;4479063,339;40,4596153;-3,778909594;SABADO;MAÑANA;07:45;09:45;https://goo.gl/maps/djeCtvaGo5BHEsA38;http://run.gob.es/PuntoMOVILResiduos
PUNTO LIMPIO MOVIL;AVENIDA PABLO IGLESIAS, 55;NULL;AVENIDA;PABLO IGLESIAS;NUMERO;55;9;MONCLOA-ARAVACA;439724,2084;4478011,734;40,45058013;-3,710829993;SABADO;MAÑANA;12:15;14:15;https://www.google.com/maps;http://run.gob.es/PuntoMOVILResiduos
PUNTO LIMPIO MOVIL;AVENIDA VALDEMARIN, 71 A;INTERSECCION CON CALLE CISNE;AVENIDA;VALDEMARIN;NUMERO;71 A;9;MONCLOA-ARAVACA;434014,291;4480227,878;40,47011006;-3,778391577;MIERCOLES;MAÑANA;10:00;12:00;https://goo.gl/maps/qDnCziFenr2BESma8;http://run.gob.es/PuntoMOVILResiduos
PUNTO LIMPIO MOVIL;AVENIDA VICTORIA, 77;NULL;AVENIDA;VICTORIA;NUMERO;77;9;MONCLOA-ARAVACA;429298,029;4480698,942;40,47396543;-3,834073426;MIERCOLES;MAÑANA;07:45;09:45;https://goo.gl/maps/Q3sUbMAuHgrjxkUe8;http://run.gob.es/PuntoMOVILResiduos
PUNTO LIMPIO MOVIL;CALLE ANTONIO MACHADO, 12;IDM CIUDAD DE LOS POETAS;CALLE;ANTONIO MACHADO;NUMERO;12;9;MONCLOA-ARAVACA;439027,38;4479726,978;40,46598087;-3,71921181;SABADO;MAÑANA;10:00;12:00;https://goo.gl/maps/swEGHLY6GtP8aS3q6;http://run.gob.es/PuntoMOVILResiduos
PUNTO LIMPIO MOVIL;CALLE ARRIAZA;FRENTE AL NUMERO 10. INTERSECCION CON CALLE ILUSTRACION;CALLE;ARRIAZA;NUMERO;s/n;9;MONCLOA-ARAVACA;439250,0868;4474759,721;40,42125013;-3,716109993;SABADO;TARDE;16:45;18:45;https://goo.gl/maps/R4UavaixG9ZZietb8;http://run.gob.es/PuntoMOVILResiduos
PUNTO LIMPIO MOVIL;CALLE FRANCOS RODRIGUEZ, 102;NULL;CALLE;FRANCOS RODRIGUEZ;NUMERO;102;9;MONCLOA-ARAVACA;439565,13;4478826,55;40,45790876;-3,712783422;MIERCOLES;MAÑANA;12:15;14:15;https://goo.gl/maps/yNaV3LSUrmXBLetu9;http://run.gob.es/PuntoMOVILResiduos
PUNTO LIMPIO MOVIL;CALLE GOLONDRINA;FRENTE A AVENIDA DEL TALGO, 234;CALLE;GOLONDRINA;NUMERO;s/n;9;MONCLOA-ARAVACA;433424,524;4477724,415;40,44751121;-3,785085494;MIERCOLES;TARDE;16:45;18:45;https://goo.gl/maps/ZbLjyuXygtm5KW2w5;http://run.gob.es/PuntoMOVILResiduos
PUNTO LIMPIO MOVIL;CALLE MARQUES DE URQUIJO, 2;NULL;CALLE;MARQUES DE URQUIJO;NUMERO;2;9;MONCLOA-ARAVACA;439212,034;4475798,68;40,43060674;-3,716657855;MIERCOLES;TARDE;19:00;21:00;https://goo.gl/maps/VsRMfbxQJY5rEhdY8;http://run.gob.es/PuntoMOVILResiduos
PUNTO LIMPIO MOVIL;CALLE RIBERA DE MANZANARES, 125;INTERSECCION CON CALLE ACANTILADO;CALLE;RIBERA DE MANZANARES;NUMERO;125;9;MONCLOA-ARAVACA;437794,2377;4475679,703;40,42943013;-3,733359993;SABADO;TARDE;14:30;16:30;https://goo.gl/maps/FiJriHjGhtKaAHwQ7;http://run.gob.es/PuntoMOVILResiduos
PUNTO LIMPIO MOVIL;CALLE VIRGEN DE LOS ROSALES;ACERA DE ENFRENTE AL NUMERO 88;CALLE;VIRGEN DE LOS ROSALES;NUMERO;s/n;9;MONCLOA-ARAVACA;433943,46;4478393,511;40,45358;-3,779036127;MIERCOLES;TARDE;19:00;21:00;https://goo.gl/maps/4T8hZagbkP8LNrby6;http://run.gob.es/PuntoMOVILResiduos
PUNTO LIMPIO MOVIL;PASEO FLORIDA, 12; (FAROLA 13);PASEO;FLORIDA;NUMERO;12;9;MONCLOA-ARAVACA;438687,94;4474941,28;40,42284446;-3,722753495;SABADO;TARDE;19:00;21:00;https://goo.gl/maps/2qr12ro9YretEbEz5;http://run.gob.es/PuntoMOVILResiduos
PUNTO LIMPIO MOVIL;AVENIDA APOSTOLES, 13;INTERSECCION CON PASEO DE LOS OLIVOS;AVENIDA;APOSTOLES;NUMERO;13;10;LATINA;437234,3785;4473046,832;40,40567013;-3,739699993;VIERNES;TARDE;19:00;21:00;https://goo.gl/maps/nnvCSsBaAsPBDHaT6;http://run.gob.es/PuntoMOVILResiduos
PUNTO LIMPIO MOVIL;AVENIDA ARQUEROS, 5;NULL;AVENIDA;ARQUEROS;NUMERO;5;10;LATINA;432715,8749;4470430,673;40,38175001;-3,792669991;LUNES;TARDE;14:30;16:30;https://www.google.com/maps;http://run.gob.es/PuntoMOVILResiduos
PUNTO LIMPIO MOVIL;AVENIDA PADRE PIQUER, 13;JUNTO A CORREOS;AVENIDA;PADRE PIQUER;NUMERO;13;10;LATINA;434848,1438;4471779,49;40,39407013;-3,767689993;VIERNES;MAÑANA;12:15;14:15;https://goo.gl/maps/KLofpLtgpZSQLDLM6;http://run.gob.es/PuntoMOVILResiduos
PUNTO LIMPIO MOVIL;CALLE ALHAMBRA;ACERA DE ENFRENTE AL NUMERO 30;CALLE;ALHAMBRA;NUMERO;s/n;10;LATINA;436815,306;4472519,626;40,40088914;-3,744586083;MIERCOLES;TARDE;19:00;21:00;https://goo.gl/maps/4Z7j7gBa3U3uAmzRA;http://run.gob.es/PuntoMOVILResiduos
PUNTO LIMPIO MOVIL;CALLE CAMARENA, 235;FRENTE AL NUMERO 296;CALLE;CAMARENA;NUMERO;235;10;LATINA;435731,086;4470910,542;40,38631089;-3,757199396;LUNES;TARDE;14:30;16:30;https://goo.gl/maps/zF3hCoRpo6zt13mG8;http://run.gob.es/PuntoMOVILResiduos
PUNTO LIMPIO MOVIL;CALLE CARAMUEL, 6;ENTRE LOS NUMEROS 6 Y 8;CALLE;CARAMUEL;NUMERO;6;10;LATINA;438307,805;4473864,883;40,41311972;-3,727129825;MIERCOLES;TARDE;14:30;16:30;https://goo.gl/maps/3WLcU5QcGYJaPSer9;http://run.gob.es/PuntoMOVILResiduos
PUNTO LIMPIO MOVIL;CALLE CARDAÑO, 8;EN LA PLAZA PATRICIO MARTINEZ;CALLE;CARDAÑO;NUMERO;8;10;LATINA;434616,696;4472057,03;40,39655217;-3,770445426;MIERCOLES;TARDE;14:30;16:30;https://goo.gl/maps/CScxAfagkpx9Uhg8A;http://run.gob.es/PuntoMOVILResiduos
PUNTO LIMPIO MOVIL;CALLE DUQUESA DE PARCENT, 96;NULL;CALLE;DUQUESA DE PARCENT;NUMERO;96;10;LATINA;436326,92;4471971,48;40,39591401;-3,750286074;VIERNES;TARDE;16:45;18:45;https://goo.gl/maps/9UMwzcTEkwRi1jZX9;http://run.gob.es/PuntoMOVILResiduos
PUNTO LIMPIO MOVIL;CALLE FUENTE DEL TIRO, 17;NULL;CALLE;FUENTE DEL TIRO;NUMERO;17;10;LATINA;433744,171;4470628,253;40,38361228;-3,780577319;LUNES;TARDE;16:45;18:45;https://goo.gl/maps/8hHg5ugsUeDAj4dG9;http://run.gob.es/PuntoMOVILResiduos
PUNTO LIMPIO MOVIL;CALLE GUAREÑA;AL LADO AUDITORIO PACO DE LUCIA;CALLE;GUAREÑA;NUMERO;s/n;10;LATINA;435085,618;4470795,229;40,38522206;-3,764791741;MIERCOLES;MAÑANA;10:00;12:00;https://goo.gl/maps/cVnQ6RfT54B1gxqh9;http://run.gob.es/PuntoMOVILResiduos
PUNTO LIMPIO MOVIL;CALLE HIGUERAS, 45;NULL;CALLE;HIGUERAS;NUMERO;45;10;LATINA;436775,56;4473012,46;40,40532577;-3,745103375;MIERCOLES;MAÑANA;12:15;14:15;https://goo.gl/maps/k4qw4g8LmoPKJ9p46;http://run.gob.es/PuntoMOVILResiduos
PUNTO LIMPIO MOVIL;CALLE ILLESCAS, 117;NULL;CALLE;ILLESCAS;NUMERO;117;10;LATINA;435391,82;4471712,37;40,39350783;-3,761277537;MIERCOLES;MAÑANA;12:15;14:15;https://goo.gl/maps/zyAKW2Z14PbgeeED8;http://run.gob.es/PuntoMOVILResiduos
PUNTO LIMPIO MOVIL;CALLE OCAÑA, 149;NULL;CALLE;OCAÑA;NUMERO;149;10;LATINA;436073,762;4470917,76;40,38640227;-3,753163133;LUNES;MAÑANA;12:15;14:15;https://goo.gl/maps/qThYywVcGTG6ALD59;http://run.gob.es/PuntoMOVILResiduos
PUNTO LIMPIO MOVIL;CALLE OLIVA DE PLASENCIA, 1;NULL;CALLE;OLIVA DE PLASENCIA;NUMERO;1;10;LATINA;433836,4;4470064,42;40,37854039;-3,779432297;LUNES;TARDE;19:00;21:00;https://goo.gl/maps/wd193DJTgaH4xuGp6;http://run.gob.es/PuntoMOVILResiduos
PUNTO LIMPIO MOVIL;CALLE PABLO CASALS;FRENTE AL NUMERO 10;CALLE;PABLO CASALS;NUMERO;s/n;10;LATINA;438510,4562;4473539,123;40,41020013;-3,724709993;VIERNES;MAÑANA;12:15;14:15;https://goo.gl/maps/YtVC2ipmDwY6887f7;http://run.gob.es/PuntoMOVILResiduos
PUNTO LIMPIO MOVIL;CALLE RAFAEL FINAT, 103;NULL;CALLE;RAFAEL FINAT;NUMERO;103;10;LATINA;434421,94;4469758,87;40,37583416;-3,772503573;VIERNES;MAÑANA;07:45;09:45;https://goo.gl/maps/1PWbKTdFrUvupVGe7;http://run.gob.es/PuntoMOVILResiduos
PUNTO LIMPIO MOVIL;CALLE TEMBLEQUE, 64;NULL;CALLE;TEMBLEQUE ;NUMERO;64;10;LATINA;435476,34;4471898,29;40,39518922;-3,760300561;MIERCOLES;TARDE;16:45;18:45;https://goo.gl/maps/NWuV6wULW3q8KZyw9;http://run.gob.es/PuntoMOVILResiduos
PUNTO LIMPIO MOVIL;CALLE TROMPAS, 15;NULL;CALLE;TROMPAS;NUMERO;15;10;LATINA;435002,22;4469264,49;40,37142604;-3,7656181;MIERCOLES;MAÑANA;07:45;09:45;https://goo.gl/maps/FXW9W35vgK2RGwLN7;http://run.gob.es/PuntoMOVILResiduos
PUNTO LIMPIO MOVIL;CALLE VILLASANDINO, 35;NULL;CALLE;VILLASANDINO;NUMERO;35;10;LATINA;436111,454;4473060,112;40,40570434;-3,752934046;LUNES;TARDE;16:45;18:45;https://goo.gl/maps/boeBbZGWPyDW8DYeA;http://run.gob.es/PuntoMOVILResiduos
PUNTO LIMPIO MOVIL;CALLE YEBENES, 110;FRENTE AL NUMERO 217;CALLE;YEBENES;NUMERO;110;10;LATINA;436214,3886;4471552,397;40,39213013;-3,751569993;VIERNES;TARDE;14:30;16:30;https://goo.gl/maps/NAwNCsYNHpqS5wow9;http://run.gob.es/PuntoMOVILResiduos
PUNTO LIMPIO MOVIL;CALLE GENERAL MILLAN ASTRAY, 18;NULL;CALLE;MAESTRA JUSTA FREIRE;NUMERO;18;10;LATINA;434871,22;4470041,9;40,37841904;-3,767240468;VIERNES;MAÑANA;10:00;12:00;https://www.google.com/maps;http://run.gob.es/PuntoMOVILResiduos
PUNTO LIMPIO MOVIL;GLORIETA DE LOS CARMENES;ENTRE LAS SALIDAS DE CALLE GALLUR Y CALLE ALHAMBRA;GLORIETA;DE LOS CARMENES;NUMERO;s/n;10;LATINA;436910,153;4471942,569;40,39569796;-3,743411287;LUNES;MAÑANA;07:45;09:45;https://goo.gl/maps/eYZwk6gnkUH3nEJy9;http://run.gob.es/PuntoMOVILResiduos
PUNTO LIMPIO MOVIL;PASEO DE LOS JESUITAS, 42;NULL;PASEO;DE LOS JESUITAS;NUMERO;42;10;LATINA;437639,27;4473379,86;40,40870061;-3,734961308;LUNES;TARDE;19:00;21:00;https://goo.gl/maps/JZHkdVSEUhq72zhP9;http://run.gob.es/PuntoMOVILResiduos
PUNTO LIMPIO MOVIL;PASEO ERMITA DEL SANTO, 39;NULL;PASEO;ERMITA DEL SANTO;NUMERO;39;10;LATINA;438534,787;4473134,22;40,40655438;-3,724384145;VIERNES;TARDE;14:30;16:30;https://goo.gl/maps/fjajssiEocvMbGCCA;http://run.gob.es/PuntoMOVILResiduos
PUNTO LIMPIO MOVIL;AVENIDA ABRANTES, 40;NULL;AVENIDA;ABRANTES;NUMERO;40;11;CARABANCHEL;438286,7719;4470380,597;40,38173013;-3,727039993;VIERNES;MAÑANA;10:00;12:00;https://goo.gl/maps/cr1yigPxMXfzLm5D7;http://run.gob.es/PuntoMOVILResiduos
PUNTO LIMPIO MOVIL;AVENIDA NUESTRA SEÑORA DE FATIMA, 15;NULL;AVENIDA;NUESTRA SEÑORA DE FATIMA;NUMERO;15;11;CARABANCHEL;436817,763;4470851,957;40,38586625;-3,744391677;LUNES;MAÑANA;10:00;12:00;https://goo.gl/maps/E5RZ3VWbF8wATiTj8;http://run.gob.es/PuntoMOVILResiduos
PUNTO LIMPIO MOVIL;AVENIDA OPORTO, 33;NULL;AVENIDA;OPORTO;NUMERO;33;11;CARABANCHEL;438505,01;4470788,9;40,38542445;-3,724508546;LUNES;TARDE;14:30;16:30;https://goo.gl/maps/gDAUiAs4NVFG1ujt6;http://run.gob.es/PuntoMOVILResiduos
PUNTO LIMPIO MOVIL;AVENIDA OPORTO, 96;NULL;AVENIDA;OPORTO;NUMERO;96;11;CARABANCHEL;438078,261;4470987,841;40,38718499;-3,729555278;VIERNES;TARDE;14:30;16:30;https://goo.gl/maps/Anb7EYcMyJdihS5M9;http://run.gob.es/PuntoMOVILResiduos
PUNTO LIMPIO MOVIL;AVENIDA PLAZA DE TOROS, 3;NULL;AVENIDA;PLAZA DE TOROS;NUMERO;3;11;CARABANCHEL;437399,58;4470811,583;40,38554646;-3,73753348;VIERNES;MAÑANA;12:15;14:15;https://goo.gl/maps/6Hgs7bbVLg6HoTAV6;http://run.gob.es/PuntoMOVILResiduos
PUNTO LIMPIO MOVIL;CALLE ANTONIO LEYVA, 37 ESQ  CALLE MIGUEL SORIANO;ESQ  CALLE MIGUEL SORIANO;CALLE;ANTONIO LEYVA ;NUMERO;37;11;CARABANCHEL;439289,8268;4471533,572;40,39219037;-3,7153338293335905;MIERCOLES;TARDE;16:45;18:45;https://www.google.com/maps;http://run.gob.es/PuntoMOVILResiduos
PUNTO LIMPIO MOVIL;CALLE ANTONIO LEYVA, 77;NULL;CALLE;ANTONIO LEYVA;NUMERO;77;11;CARABANCHEL;439173,82;4471034,73;40,387688;-3,716653;LUNES;MAÑANA;07:45;09:45;https://goo.gl/maps/ep6o2xYgqqNunPa68;http://run.gob.es/PuntoMOVILResiduos
PUNTO LIMPIO MOVIL;CALLE ANTONIO LOPEZ, 88;NULL;CALLE;ANTONIO LOPEZ;NUMERO;88;11;CARABANCHEL;439936,82;4471709,68;40,39382375;-3,707727615;MIERCOLES;MAÑANA;12:15;14:15;https://goo.gl/maps/DdtP7FfoYWhgdCU5A;http://run.gob.es/PuntoMOVILResiduos
PUNTO LIMPIO MOVIL;CALLE ANTONIO LOPEZ, 9;NULL;CALLE;ANTONIO LOPEZ;NUMERO;9;11;CARABANCHEL;439397,792;4472075,304;40,39707843;-3,714113341;VIERNES;TARDE;16:45;18:45;https://goo.gl/maps/8QcEoffmVE37iJC28;http://run.gob.es/PuntoMOVILResiduos
PUNTO LIMPIO MOVIL;CALLE CARLOS DABAN;NULL;CALLE;CARLOS DABAN;NUMERO;s/n;11;CARABANCHEL;437904,998;4472135,586;40,39751151;-3,731708393;LUNES;MAÑANA;10:00;12:00;https://goo.gl/maps/EKN2141PE2HyNwRk8;http://run.gob.es/PuntoMOVILResiduos
PUNTO LIMPIO MOVIL;CALLE CLARA CAMPOAMOR;NULL;CALLE;CLARA CAMPOAMOR;NUMERO;s/n;11;CARABANCHEL;437794,869;4470145,388;40,37957467;-3,732811665;LUNES;TARDE;16:45;18:45;https://goo.gl/maps/2xHfnof19hBQbcQ38;http://run.gob.es/PuntoMOVILResiduos
PUNTO LIMPIO MOVIL;CALLE EUGENIA DE MONTIJO, 76;NULL;CALLE;EUGENIA DE MONTIJO;NUMERO;76;11;CARABANCHEL;436561,38;4470107,22;40,37913785;-3,747337904;MIERCOLES;MAÑANA;10:00;12:00;https://goo.gl/maps/a1FvzTxuQtbWFQA5A;http://run.gob.es/PuntoMOVILResiduos
PUNTO LIMPIO MOVIL;CALLE EUGENIA DE MONTIJO, 99;NULL;CALLE;EUGENIA DE MONTIJO;NUMERO;99;11;CARABANCHEL;436250,906;4469582,532;40,37438754;-3,750942663;VIERNES;MAÑANA;07:45;09:45;https://goo.gl/maps/VrffFifxmxnUJKbLA;http://run.gob.es/PuntoMOVILResiduos
PUNTO LIMPIO MOVIL;CALLE LAGUNA, 121;NULL;CALLE;LAGUNA;NUMERO;121;11;CARABANCHEL;437042,39;4471122,03;40,38831619;-3,741772099;LUNES;MAÑANA;12:15;14:15;https://goo.gl/maps/GdPzhgVHgSJxAj1M7;http://run.gob.es/PuntoMOVILResiduos
PUNTO LIMPIO MOVIL;CALLE MAZARAMBROZ, 4;NULL;CALLE;MAZARAMBROZ;NUMERO;4;11;CARABANCHEL;438203,573;4469646,479;40,37511067;-3,727948897;LUNES;TARDE;19:00;21:00;https://goo.gl/maps/8gQCsQ5JNY5Sijqd8;http://run.gob.es/PuntoMOVILResiduos
PUNTO LIMPIO MOVIL;CALLE MUTUAL, 2;NULL;CALLE;MUTUAL;NUMERO;2;11;CARABANCHEL;436543,238;4468367,679;40,36346589;-3,747378466;MIERCOLES;MAÑANA;07:45;09:45;https://goo.gl/maps/STp3TBUpv8HfSDPC9;http://run.gob.es/PuntoMOVILResiduos
PUNTO LIMPIO MOVIL;CALLE PINAR DE SAN JOSE, 13;NULL;CALLE;PINAR DE SAN JOSE;NUMERO;13;11;CARABANCHEL;435295,3;4468443,89;40,36405652;-3,76208289;LUNES;MAÑANA;12:15;14:15;https://goo.gl/maps/6tASMF1dacAHn9Mw9;http://run.gob.es/PuntoMOVILResiduos
PUNTO LIMPIO MOVIL;CALLE SAN BRAULIO;NULL;CALLE;SAN BRAULIO;NUMERO;s/n;11;CARABANCHEL;438469,298;4471471,061;40,39156704;-3,724995152;MIERCOLES;TARDE;14:30;16:30;https://goo.gl/maps/dVV66VnTuVQka9x7A;http://run.gob.es/PuntoMOVILResiduos
PUNTO LIMPIO MOVIL;CALLE SOMBRA, 19 FRENTE;FRENTE;CALLE;SOMBRA;NUMERO;19;11;CARABANCHEL;437027,9695;4470191,24;40,37993013;-3,741849993;VIERNES;TARDE;19:00;21:00;https://www.google.com/maps;http://run.gob.es/PuntoMOVILResiduos
PUNTO LIMPIO MOVIL;CALLE TOBOSO, 134;NULL;CALLE;TOBOSO;NUMERO;134;11;CARABANCHEL;437480,77;4471691,97;40,39348348;-3,736663419;MIERCOLES;MAÑANA;10:00;12:00;https://goo.gl/maps/TBiyLyyBG1X28DDy5;http://run.gob.es/PuntoMOVILResiduos
PUNTO LIMPIO MOVIL;PASEO DE EXTREMADURA Nº 150;NULL;PASEO;DE EXTREMAURA;NUMERO;150;11;LATINA;437371,4657;4473545,65;40,41017399;-3,7381336322949354;LUNES;MAÑANA;10:00;12:00;https://www.google.com/maps;http://run.gob.es/PuntoMOVILResiduos
PUNTO LIMPIO MOVIL;PLAZA DE LOS NAVARROS;NULL;PLAZA;DE LOS NAVARROS;NUMERO;s/n;11;CARABANCHEL;436998,091;4469561,331;40,37425336;-3,742139687;MIERCOLES;MAÑANA;07:45;09:45;https://goo.gl/maps/e7uFpK5WJG7YUq7d7;http://run.gob.es/PuntoMOVILResiduos
PUNTO LIMPIO MOVIL;AVENIDA RAFAELA YBARRA, 20;NULL;AVENIDA;RAFAELA YBARRA;NUMERO;20;12;USERA;439616,8;4470396,11;40,38196732;-3,711373636;MARTES;TARDE;16:45;18:45;https://goo.gl/maps/HudLeF4jHDvwHnB57;http://run.gob.es/PuntoMOVILResiduos
PUNTO LIMPIO MOVIL;CALLE ANTONIO LOPEZ, 246-248;NULL;CALLE;ANTONIO LOPEZ;NUMERO;246-248;12;USERA;440926,94;4470378,91;40,38190628;-3,695938392;VIERNES;MAÑANA;12:15;14:15;https://goo.gl/maps/SL5CAWcScMmUJyW89;http://run.gob.es/PuntoMOVILResiduos
PUNTO LIMPIO MOVIL;CALLE CONIFERAS, 10;NULL;CALLE;CONIFERAS;NUMERO;10;12;USERA;441027,29;4468717,44;40,36694595;-3,694602542;VIERNES;MAÑANA;10:00;12:00;https://goo.gl/maps/tdSqvXeTNfGiQmCA9;http://run.gob.es/PuntoMOVILResiduos
PUNTO LIMPIO MOVIL;CALLE DEL SANTUARIO;INTERSECCION CON CALLE HIJAS DE JESUS Y CALLE SAN ANTONIO DE PADUA;CALLE;DEL SANTUARIO;NUMERO;s/n;12;USERA;440572,258;4470721,151;40,38496415;-3,700148519;MARTES;MAÑANA;12:15;14:15;https://goo.gl/maps/EwC7ju6c4vAXYHfF7;http://run.gob.es/PuntoMOVILResiduos
PUNTO LIMPIO MOVIL;CALLE DOCTOR SANCHIS BANUS, 3;NULL;CALLE;DOCTOR SANCHIS BANUS;NUMERO;3;12;USERA;439960,9897;4470978,217;40,38723611;-3,707373892;VIERNES;TARDE;14:30;16:30;https://www.google.com/maps;http://run.gob.es/PuntoMOVILResiduos
PUNTO LIMPIO MOVIL;CALLE DOLORES BARRANCO, 50;NULL;CALLE;DOLORES BARRANCO;NUMERO;50;12;USERA;440003,6883;4470544,288;40,38333013;-3,706829993;MARTES;TARDE;14:30;16:30;https://goo.gl/maps/CwCwELdAfAjr6ubeA;http://run.gob.es/PuntoMOVILResiduos
PUNTO LIMPIO MOVIL;CALLE ESTAFETA, 20;FRENTE AL NUMERO 7;CALLE;ESTAFETA;NUMERO;20;12;USERA;441213,666;4469426,016;40,37334237;-3,692472821;VIERNES;MAÑANA;07:45;09:45;https://goo.gl/maps/fQ7LQucSmUepap1RA;http://run.gob.es/PuntoMOVILResiduos
PUNTO LIMPIO MOVIL;CALLE GRAN AVENIDA, 31;NULL;CALLE;GRAN AVENIDA;NUMERO;31;12;USERA;440045,723;4469024,453;40,36964168;-3,706191846;VIERNES;MAÑANA;07:45;09:45;https://goo.gl/maps/Pg2WPzPUJZDgbEju9;http://run.gob.es/PuntoMOVILResiduos
PUNTO LIMPIO MOVIL;CALLE GUETARIA, 47;INTERSECCION CON CALLE VILLABONA;CALLE;GUETARIA;NUMERO;47;12;USERA;439253,302;4468975,923;40,36914712;-3,715520337;MARTES;MAÑANA;07:45;09:45;https://goo.gl/maps/qicMZKENR9jovRMo8;http://run.gob.es/PuntoMOVILResiduos
PUNTO LIMPIO MOVIL;CALLE MANUEL NOYA, 15;NULL;CALLE;MANUEL NOYA;NUMERO;15;12;USERA;439532,69;4470930,76;40,38677762;-3,712415205;MARTES;TARDE;19:00;21:00;https://goo.gl/maps/ZPi1Rd2c8i7d9yJi8;http://run.gob.es/PuntoMOVILResiduos
PUNTO LIMPIO MOVIL;CALLE MARIBLANCA, 18-20;ENTRE LOS NUMERO 18 Y 20;CALLE;MARIBLANCA;NUMERO;18-20;12;USERA;440065,3173;4471458,486;40,39157013;-3,706189993;VIERNES;TARDE;16:45;18:45;https://goo.gl/maps/tG2mmKkocwwq3XPP9;http://run.gob.es/PuntoMOVILResiduos
PUNTO LIMPIO MOVIL;CALLE PARQUE DE LA PALOMA, 32;NULL;CALLE;PARQUE DE LA PALOMA;NUMERO;32;12;USERA;439336,43;4470025,17;40,37860534;-3,714641117;VIERNES;MAÑANA;10:00;12:00;https://goo.gl/maps/FvEnHz4Cx2Eoduc9A;http://run.gob.es/PuntoMOVILResiduos
PUNTO LIMPIO MOVIL;CALLE PERIANA, 6;NULL;CALLE;PERIANA;NUMERO;6;12;USERA;441543,92;4468873,4;40,36838731;-3,688532197;MARTES;MAÑANA;10:00;12:00;https://goo.gl/maps/LV5hwYb5SP9zWv8G9;http://run.gob.es/PuntoMOVILResiduos
PUNTO LIMPIO MOVIL;CALLE SIMCA, 4;INTERSECCION CON CALLE DODGE;CALLE;SIMCA;NUMERO;4;12;USERA;439712,1;4468664,285;40,36637303;-3,710087199;VIERNES;TARDE;19:00;21:00;https://goo.gl/maps/cqxUgtH5DsLeH6CY7;http://run.gob.es/PuntoMOVILResiduos
PUNTO LIMPIO MOVIL;AVENIDA DE BUENOS AIRES, 25;NULL;AVENIDA;DE BUENOS AIRES;NUMERO;25;13;PUENTE DE VALLECAS;444594,75;4470982,35;40,3875944;-3,652783229;MARTES;TARDE;19:00;21:00;https://goo.gl/maps/qpS6uJqKboieCcpV8;http://run.gob.es/PuntoMOVILResiduos
PUNTO LIMPIO MOVIL;AVENIDA DE BUENOS AIRES, 99;NULL;AVENIDA;DE BUENOS AIRES;NUMERO;99;13;PUENTE DE VALLECAS;444592,001;4470080,526;40,37947003;-3,65273719;JUEVES;TARDE;14:30;16:30;https://goo.gl/maps/NGS9HFjv6kVJKw9f6;http://run.gob.es/PuntoMOVILResiduos
PUNTO LIMPIO MOVIL;AVENIDA PABLO NERUDA, 89;NULL;AVENIDA;PABLO NERUDA;NUMERO;89;13;PUENTE DE VALLECAS;443966,93;4470271,88;40,38115207;-3,660117241;SABADO;TARDE;19:00;21:00;https://goo.gl/maps/ChgzsC8ZeQqW8i7L6;http://run.gob.es/PuntoMOVILResiduos
PUNTO LIMPIO MOVIL;AVENIDA SAN DIEGO, 111;NULL;AVENIDA;SAN DIEGO;NUMERO;111;13;PUENTE DE VALLECAS;443629,458;4470440,954;40,38265243;-3,664107653;MARTES;MAÑANA;12:15;14:15;https://goo.gl/maps/5BNVeAwpgTN8nUZe8;http://run.gob.es/PuntoMOVILResiduos
PUNTO LIMPIO MOVIL;AVENIDA SAN DIEGO, 78;INTERSECCION CON CALLE MANUEL MAROTO;AVENIDA;SAN DIEGO;NUMERO;78;13;PUENTE DE VALLECAS;443184,5325;4471012,4;40,38777013;-3,669399994;SABADO;TARDE;14:30;16:30;https://goo.gl/maps/qwNT7hpGRavsSTvM7;http://run.gob.es/PuntoMOVILResiduos
PUNTO LIMPIO MOVIL;CALLE ANDALUCES, 9;NULL;CALLE;ANDALUCES;NUMERO;9;13;PUENTE DE VALLECAS;445969,39;4471231,37;40,38992802;-3,636609339;MARTES;TARDE;14:30;16:30;https://goo.gl/maps/WKH6GEve92HvvQXp9;http://run.gob.es/PuntoMOVILResiduos
PUNTO LIMPIO MOVIL;CALLE ARROYO DEL OLIVAR;INTERSECCION CON CALLE MARTINEZ DE LA RIVA, 18;CALLE;ARROYO DEL OLIVAR;NUMERO;s/n;13;PUENTE DE VALLECAS;443463,246;4471710,983;40,39408233;-3,666178413;JUEVES;TARDE;19:00;21:00;https://goo.gl/maps/qRC1xDXJ8rQZfYPm7;http://run.gob.es/PuntoMOVILResiduos
PUNTO LIMPIO MOVIL;CALLE COOPERATIVA ELECTRICA, 18;NULL;CALLE;COOPERATIVA ELECTRICA;NUMERO;18;13;PUENTE DE VALLECAS;443927,89;4469543,93;40,37459162;-3,660513091;MARTES;MAÑANA;07:45;09:45;https://goo.gl/maps/LQfLvZP7erKsPYuc9;http://run.gob.es/PuntoMOVILResiduos
PUNTO LIMPIO MOVIL;CALLE DILIGENCIA, 22;INTERSECCION CON CALLE LA VIOLETERA, FRENTE AL VIVERO DE EMPRESAS;CALLE;DILIGENCIA;NUMERO;22;13;PUENTE DE VALLECAS;444302,7689;4470488,955;40,38313013;-3,656179994;MARTES;MAÑANA;10:00;12:00;https://goo.gl/maps/Ny9a873aJiN3Lmx68;http://run.gob.es/PuntoMOVILResiduos
PUNTO LIMPIO MOVIL;CALLE HUMANES, 27;NULL;CALLE;HUMANES;NUMERO;27;13;PUENTE DE VALLECAS;445210,15;4471826,88;40,39524315;-3,645605693;MARTES;TARDE;16:45;18:45;https://goo.gl/maps/gou5tYyJ9Dqp9F8b6;http://run.gob.es/PuntoMOVILResiduos
PUNTO LIMPIO MOVIL;CALLE JAVIER DE MIGUEL, 40;NULL;CALLE;JAVIER DE MIGUEL;NUMERO;40;13;PUENTE DE VALLECAS;443928,66;4470983,48;40,38756002;-3,660630692;JUEVES;MAÑANA;12:15;14:15;https://goo.gl/maps/RQ8qz7m4wm7MZiKd8;http://run.gob.es/PuntoMOVILResiduos
PUNTO LIMPIO MOVIL;CALLE LA MANCHA, 2;NULL;CALLE;LA MANCHA;NUMERO;2;13;PUENTE DE VALLECAS;443184,26;4470315,25;40,38148977;-3,669341034;SABADO;TARDE;16:45;18:45;https://goo.gl/maps/ZSmm3NKPZmJ6qzwLA;http://run.gob.es/PuntoMOVILResiduos
PUNTO LIMPIO MOVIL;CALLE MONLEON, 2;NULL;CALLE;MONLEON;NUMERO;2;13;PUENTE DE VALLECAS;444390,17;4471517,84;40,39240479;-3,655240189;JUEVES;TARDE;16:45;18:45;https://goo.gl/maps/1PSFgJDeysqLtwJn7;http://run.gob.es/PuntoMOVILResiduos
PUNTO LIMPIO MOVIL;CALLE RAFAEL FERNANDEZ HIJICOS, 32;NULL;CALLE;RAFAEL FERNANDEZ HIJICOS;NUMERO;32;13;PUENTE DE VALLECAS;446071,5586;4471283,041;40,39040013;-3,635409994;MARTES;TARDE;16:45;18:45;https://goo.gl/maps/shXZQU2WZAYkW63p7;http://run.gob.es/PuntoMOVILResiduos
PUNTO LIMPIO MOVIL;CALLE RAMIREZ TOME, 38;NULL;CALLE;RAMIREZ TOME;NUMERO;38;13;PUENTE DE VALLECAS;445128,9;4471110,68;40,38878583;-3,646501324;JUEVES;MAÑANA;12:15;14:15;https://goo.gl/maps/p5ZetZwM6DS6vKJ86;http://run.gob.es/PuntoMOVILResiduos
PUNTO LIMPIO MOVIL;CALLE RUIDERA, 26;NULL;CALLE;RUIDERA;NUMERO;26;13;PUENTE DE VALLECAS;442665,31;4470184,77;40,38027879;-3,675442596;MARTES;TARDE;19:00;21:00;https://goo.gl/maps/ZqZraJtgUmhejyCw9;http://run.gob.es/PuntoMOVILResiduos
PUNTO LIMPIO MOVIL;CALLE SANTA MARTA, 15;NULL;CALLE;SANTA MARTA;NUMERO;15;13;PUENTE DE VALLECAS;443822,93;4472671,33;40,40275803;-3,662025225;JUEVES;MAÑANA;07:45;09:45;https://goo.gl/maps/yNC4RnDb9KmXZhqV7;http://run.gob.es/PuntoMOVILResiduos
PUNTO LIMPIO MOVIL;CAMINO VALDERRIBAS, 99;NULL;CAMINO;VALDERRIBAS;NUMERO;99;13;PUENTE DE VALLECAS;443298,92;4472633,08;40,40237793;-3,668196679;JUEVES;MAÑANA;10:00;12:00;https://goo.gl/maps/QnYdoBECRjdVLBKYA;http://run.gob.es/PuntoMOVILResiduos
PUNTO LIMPIO MOVIL;AVENIDA DOCTOR GARCIA TAPIA, 135;NULL;AVENIDA;DOCTOR GARCIA TAPIA;NUMERO;135;14;MORATALAZ;445941,63;4473366,16;40,40915774;-3,63711767;JUEVES;TARDE;16:45;18:45;https://goo.gl/maps/iGqZwtEUBVFdBoTR8;http://run.gob.es/PuntoMOVILResiduos
PUNTO LIMPIO MOVIL;AVENIDA MORATALAZ, 39;NULL;AVENIDA;MORATALAZ;NUMERO;39;14;MORATALAZ;444112,81;4473200,76;40,40754695;-3,658655805;VIERNES;TARDE;14:30;16:30;https://goo.gl/maps/LLnMr55NmAWwq8SY8;http://run.gob.es/PuntoMOVILResiduos
PUNTO LIMPIO MOVIL;CALLE CAMINO DE LOS VINATEROS, 10-12;NULL;CALLE;CAMINO DE LOS VINATEROS;NUMERO;10-12;14;MORATALAZ;443962,201;4473544,212;40,41063083;-3,660460934;VIERNES;MAÑANA;12:15;14:15;https://goo.gl/maps/3QoANCJTdsqDm9UF9;http://run.gob.es/PuntoMOVILResiduos
PUNTO LIMPIO MOVIL;CALLE CAMINO DE LOS VINATEROS, 108;NULL;CALLE;CAMINO DE VINATEROS;NUMERO;108;14;MORATALAZ;445107,48;4473267,68;40,40821598;-3,646939656;VIERNES;TARDE;16:45;18:45;https://goo.gl/maps/37PLJUocZYuabFAL9;http://run.gob.es/PuntoMOVILResiduos
PUNTO LIMPIO MOVIL;CALLE CAMINO DE LOS VINATEROS, 63;NULL;CALLE;CAMINO DE VINATEROS;NUMERO;63;14;MORATALAZ;444685,42;4473515,98;40,41042488;-3,651935154;VIERNES;TARDE;19:00;21:00;https://goo.gl/maps/PoYyRwstPQbXZBKJ7;http://run.gob.es/PuntoMOVILResiduos
PUNTO LIMPIO MOVIL;CALLE ENCOMIENDA DE PALACIOS, 360;NULL;CALLE;ENCOMIENDA DE PALACIOS;NUMERO;360;14;MORATALAZ;446155,78;4472002,79;40,39688953;-3,634478572;VIERNES;MAÑANA;10:00;12:00;https://goo.gl/maps/J5rFEqiMLU5GjDUf6;http://run.gob.es/PuntoMOVILResiduos
PUNTO LIMPIO MOVIL;CALLE FUENTE CARRANTONA, 41;NULL;CALLE;FUENTE CARRANTONA;NUMERO;41;14;MORATALAZ;446443,54;4473270,54;40,40832878;-3,631194585;JUEVES;TARDE;19:00;21:00;https://goo.gl/maps/N5CMgfbYSvy1Yw326;http://run.gob.es/PuntoMOVILResiduos
PUNTO LIMPIO MOVIL;CALLE HACIENDA DE PAVONES, 220;NULL;CALLE;HACIENDA DE PAVONES;NUMERO;220;14;MORATALAZ;445687,07;4472498,22;40,40132224;-3,640043602;VIERNES;MAÑANA;12:15;14:15;https://goo.gl/maps/mPBM6Dsmmssz795T6;http://run.gob.es/PuntoMOVILResiduos
PUNTO LIMPIO MOVIL;CALLE HACIENDA DE PAVONES, 72;NULL;CALLE;HACIENDA DE PAVONES;NUMERO;72;14;MORATALAZ;445169,27;4472738,84;40,40345595;-3,646165909;VIERNES;TARDE;14:30;16:30;https://goo.gl/maps/uBNDJS7ptcTc5MiY8;http://run.gob.es/PuntoMOVILResiduos
PUNTO LIMPIO MOVIL;CALLE PICO DE ARTILLEROS, 55;NULL;CALLE;PICO DE ARTILLEROS;NUMERO;55;14;MORATALAZ;445592,5969;4472886,078;40,40481013;-3,641189994;VIERNES;TARDE;16:45;18:45;https://goo.gl/maps/ALtQM7N7ioVWKJow8;http://run.gob.es/PuntoMOVILResiduos
PUNTO LIMPIO MOVIL;CALLE TACONA, 1;INTERSECCION CON ARROYO FONTARRON;CALLE;TACONA;NUMERO;1;14;MORATALAZ;445589,716;4471957,484;40,3964446;-3,641144577;VIERNES;TARDE;19:00;21:00;https://goo.gl/maps/29cSZHvwxrQXti9y5;http://run.gob.es/PuntoMOVILResiduos
PUNTO LIMPIO MOVIL;CALLE VALDEBERNARDO, 45;NULL;CALLE;VALDEBERNARDO;NUMERO;45;14;MORATALAZ;446384,26;4472738,44;40,40353147;-3,631848368;VIERNES;MAÑANA;07:45;09:45;https://goo.gl/maps/mEWFkr3g1FUrvx1d6;http://run.gob.es/PuntoMOVILResiduos
PUNTO LIMPIO MOVIL;AVENIDA HERMANOS GARCIA NOBLEJAS, 158;NULL;AVENIDA;HERMANOS GARCIA NOBLEJAS;NUMERO;158;15;CIUDAD LINEAL;446637,11;4475121,56;40,42501632;-3,629068666;VIERNES;TARDE;19:00;21:00;https://goo.gl/maps/3HGn1chT21RxrtfY7;http://run.gob.es/PuntoMOVILResiduos
PUNTO LIMPIO MOVIL;CALLE AGASTIA, 42;NULL;CALLE;AGASTIA;NUMERO;42;15;CIUDAD LINEAL;444793,354;4477415,589;40,44556187;-3,65100177;LUNES;TARDE;16:45;18:45;https://goo.gl/maps/4bBqv7h1RzjqrFMSA;http://run.gob.es/PuntoMOVILResiduos
PUNTO LIMPIO MOVIL;CALLE ALCALA, 287;NULL;CALLE;ALCALA;NUMERO;287;15;CIUDAD LINEAL;444506,159;4475947,799;40,43232013;-3,654259994;MARTES;TARDE;14:30;16:30;https://goo.gl/maps/jNuWKF1VQ6ddhWx77;http://run.gob.es/PuntoMOVILResiduos
PUNTO LIMPIO MOVIL;CALLE ARTURO SORIA, 242;NULL;CALLE;ARTURO SORIA;NUMERO;242;15;CIUDAD LINEAL;443589,381;4479647,497;40,46558716;-3,66539655;DOMINGO;MAÑANA;07:45;09:45;https://goo.gl/maps/Tgj35GwdQMMYUTMWA;http://run.gob.es/PuntoMOVILResiduos
PUNTO LIMPIO MOVIL;CALLE ARTURO SORIA, 320;NULL;CALLE;ARTURO SORIA;NUMERO;320;15;CIUDAD LINEAL;443357,17;4481056,31;40,47826258;-3,668261241;VIERNES;MAÑANA;07:45;09:45;https://goo.gl/maps/kBw2HC3z2Vw7XGe99;http://run.gob.es/PuntoMOVILResiduos
PUNTO LIMPIO MOVIL;CALLE CAÑAS;NULL;CALLE;CAÑAS;NUMERO;s/n;15;CIUDAD LINEAL;444087,999;4478794,509;40,45793674;-3,659440281;LUNES;TARDE;19:00;21:00;https://goo.gl/maps/biUWxguqRajvZZeM7;http://run.gob.es/PuntoMOVILResiduos
PUNTO LIMPIO MOVIL;CALLE ELFO, 55-57;NULL;CALLE;ELFO;NUMERO;55-57;15;CIUDAD LINEAL;444683,7971;4476110,774;40,43380013;-3,652179994;VIERNES;TARDE;14:30;16:30;https://goo.gl/maps/jZ64bgmsEuLHE5Gj9;http://run.gob.es/PuntoMOVILResiduos
PUNTO LIMPIO MOVIL;CALLE EZEQUIEL SOLANA, 73;NULL;CALLE;EZEQUIEL SOLANA;NUMERO;73;15;CIUDAD LINEAL;445454,96;4475511,91;40,42845615;-3,643037113;MARTES;TARDE;19:00;21:00;https://goo.gl/maps/32B9wKF6bFtLXnt66;http://run.gob.es/PuntoMOVILResiduos
PUNTO LIMPIO MOVIL;CALLE GOMEZ DE AVELLANEDA, 14;NULL;CALLE;GOMEZ DE AVELLANEDA;NUMERO;14;15;CIUDAD LINEAL;445480,2135;4476101,607;40,43377013;-3,642789994;LUNES;MAÑANA;12:15;14:15;https://goo.gl/maps/e6dqqkuz8xY9KvQKA;http://run.gob.es/PuntoMOVILResiduos
PUNTO LIMPIO MOVIL;CALLE HERMANOS MACHADO;NULL;CALLE;HERMANOS MACHADO;NUMERO;s/n;15;CIUDAD LINEAL;444949,6445;4475812,431;40,43113013;-3,649019994;MARTES;TARDE;16:45;18:45;https://goo.gl/maps/45zSuUig9i2H5Xpk8;http://run.gob.es/PuntoMOVILResiduos
PUNTO LIMPIO MOVIL;CALLE JOSE DEL HIERRO, 37;NULL;CALLE;JOSE DEL HIERRO;NUMERO;37;15;CIUDAD LINEAL;445310,314;4476784,749;40,43991309;-3,64485179;VIERNES;MAÑANA;12:15;14:15;https://goo.gl/maps/z7Wro6Hbkz3Knhr16;http://run.gob.es/PuntoMOVILResiduos
PUNTO LIMPIO MOVIL;CALLE JULIO DANVILA, 1;NULL;CALLE;JULIO DANVILA;NUMERO;1;15;CIUDAD LINEAL;443458,437;4480309,305;40,47154013;-3,666999994;DOMINGO;MAÑANA;10:00;12:00;https://goo.gl/maps/Sq87YKgZQeaAoVuJ6;http://run.gob.es/PuntoMOVILResiduos
PUNTO LIMPIO MOVIL;CALLE MARIA TERESA SAENZ DE HEREDIA, 44;NULL;CALLE;MARIA TERESA SAENZ DE HEREDIA;NUMERO;44;15;CIUDAD LINEAL;444790,08;4475198,42;40,4255882;-3,650847751;VIERNES;TARDE;16:45;18:45;https://goo.gl/maps/BJZZcf8hzKiVuYRy6;http://run.gob.es/PuntoMOVILResiduos
PUNTO LIMPIO MOVIL;CALLE SAN MARCELO, 6;NULL;CALLE;SAN MARCELO;NUMERO;6;15;CIUDAD LINEAL;444161,681;4475366,468;40,42706013;-3,658269994;LUNES;MAÑANA;07:45;09:45;https://goo.gl/maps/Wu7guiE3FbDrRxtL7;http://run.gob.es/PuntoMOVILResiduos
PUNTO LIMPIO MOVIL;CALLE SANTURCE;NULL;CALLE;SANTURCE;NUMERO;s/n;15;CIUDAD LINEAL;446077,1657;4475366,871;40,42719013;-3,635689994;LUNES;MAÑANA;10:00;12:00;https://goo.gl/maps/ACkuSvCXgXHnUhrJ7;http://run.gob.es/PuntoMOVILResiduos
PUNTO LIMPIO MOVIL;CALLE TORRELAGUNA, 66;NULL;CALLE;TORRELAGUNA;NUMERO;66;15;CIUDAD LINEAL;444284,28;4477775,95;40,44877423;-3,657036057;VIERNES;MAÑANA;10:00;12:00;https://goo.gl/maps/Lu7ErZvCAX5Vb6gM8;http://run.gob.es/PuntoMOVILResiduos
PUNTO LIMPIO MOVIL;CALLE VIRGEN DE AFRICA, 14;NULL;CALLE;VIRGEN DE AFRICA;NUMERO;14;15;CIUDAD LINEAL;444534,76;4476616,93;40,43834992;-3,653981217;LUNES;TARDE;14:30;16:30;https://goo.gl/maps/7nVGxxAm3d2JXmGG8;http://run.gob.es/PuntoMOVILResiduos
PUNTO LIMPIO MOVIL;AVENIDA CELIO VILLALBA;INTERSECCION CON CALLE MANIZALES;AVENIDA;CELIO VILLALBA;NUMERO;s/n;16;HORTALEZA;446022,6128;4480624,497;40,47455013;-3,636779994;MARTES;TARDE;16:45;18:45;https://goo.gl/maps/Uyi4RtGGcXLtLxRH6;http://run.gob.es/PuntoMOVILResiduos
PUNTO LIMPIO MOVIL;AVENIDA FRANCISCO PI Y MARGALL, 72;NULL;AVENIDA;FRANCISCO PI Y MARGALL;NUMERO;72;16;HORTALEZA;444145,15;4482435,53;40,49074059;-3,659086913;JUEVES;MAÑANA;07:45;09:45;https://goo.gl/maps/k3ZgfdkcXGHhdCn87;http://run.gob.es/PuntoMOVILResiduos
PUNTO LIMPIO MOVIL;AVENIDA MADROÑOS, 61;NULL;AVENIDA;MADROÑOS;NUMERO;61;16;HORTALEZA;446340,3921;4478598,572;40,45632013;-3,632859994;SABADO;MAÑANA;07:45;09:45;https://goo.gl/maps/DosXxogzqafNoo1k6;http://run.gob.es/PuntoMOVILResiduos
PUNTO LIMPIO MOVIL;AVENIDA NICETO ALCALA ZAMORA, 78;INTERSECCION CON VICENTE BLASCO IBAÑEZ;AVENIDA;NICETO ALCALA ZAMORA;NUMERO;78;16;HORTALEZA;444716,974;4483076,554;40,4965535;-3,652395738;SABADO;MAÑANA;10:00;12:00;https://goo.gl/maps/RtTBdhtgrBSWCLYX9;http://run.gob.es/PuntoMOVILResiduos
PUNTO LIMPIO MOVIL;AVENIDA PRUNOS, 44;INTERSECCION CON AVENIDA ARROYO DEL SANTO;AVENIDA;PRUNOS;NUMERO;44;16;HORTALEZA;447250,817;4478174,334;40,45255663;-3,622087825;JUEVES;MAÑANA;12:15;14:15;https://goo.gl/maps/mdNyL5kobem8XJnz7;http://run.gob.es/PuntoMOVILResiduos
PUNTO LIMPIO MOVIL;AVENIDA SAN LUIS, 27;NULL;AVENIDA;SAN LUIS;NUMERO;27;16;HORTALEZA;444307,3836;4480241,884;40,47099013;-3,656979994;DOMINGO;MAÑANA;12:15;14:15;https://goo.gl/maps/xQfPgbwJHVo9yeZZ6;http://run.gob.es/PuntoMOVILResiduos
PUNTO LIMPIO MOVIL;CALLE ABELIAS, 1;ESQUINA AVDA. ARCES ;CALLE;ABELIAS;NUMERO;1;16;HORTALEZA;447020,91;4478148,67;40,45231082;-3,624796897;SABADO;TARDE;14:30;16:30;https://goo.gl/maps/6TSngHxjY8n1oXWD8;http://run.gob.es/PuntoMOVILResiduos
PUNTO LIMPIO MOVIL;CALLE CUEVAS DE LA ALMANZORA, 18;NULL;CALLE;CUEVAS DE LA ALMANZORA;NUMERO;18;16;HORTALEZA;444128,944;4480874,574;40,47667771;-3,659140563;JUEVES;MAÑANA;10:00;12:00;https://goo.gl/maps/5Jx6Y4FSaoQCLydBA;http://run.gob.es/PuntoMOVILResiduos
PUNTO LIMPIO MOVIL;CALLE ESTIBALIZ, 28;INTERSECCION CON CALLE PABLO SERANO;CALLE;ESTIBALIZ;NUMERO;28;16;HORTALEZA;445059,5408;4480153,069;40,47024013;-3,648099994;MARTES;TARDE;19:00;21:00;https://goo.gl/maps/wVzNZZizSimsU4DN9;http://run.gob.es/PuntoMOVILResiduos
PUNTO LIMPIO MOVIL;CALLE MONTEARAGON, 11;NULL;CALLE;MONTEARAGON;NUMERO;11;16;HORTALEZA;444177,72;4479401,506;40,46341089;-3,658435542;JUEVES;MAÑANA;12:15;14:15;https://goo.gl/maps/e4K3sPXmvfS4ccxb9;http://run.gob.es/PuntoMOVILResiduos
PUNTO LIMPIO MOVIL;CALLE MOSCATELAR, 35;NULL;CALLE;MOSCATELAR;NUMERO;35;16;HORTALEZA;445183,23;4478714,89;40,45729245;-3,646516762;JUEVES;TARDE;14:30;16:30;https://goo.gl/maps/YszK7Rz7kMMnXFXu7;http://run.gob.es/PuntoMOVILResiduos
PUNTO LIMPIO MOVIL;CALLE SILVANO, 97;FRENTE AL NUMERO 97, INTERSECCION CON AVENIDA MACHUPICHU;CALLE;SILVANO;NUMERO;97;16;HORTALEZA;446183,555;4479298,337;40,46261384;-3,634768951;SABADO;TARDE;16:45;18:45;https://goo.gl/maps/3XsQTGDTLEtWu5YX9;http://run.gob.es/PuntoMOVILResiduos
PUNTO LIMPIO MOVIL;CAMINO VIEJO DE BURGOS, 24;NULL;CAMINO;VIEJO DE BURGOS;NUMERO;24;16;HORTALEZA;446488,698;4481435,192;40,48188344;-3,63135024;DOMINGO;MAÑANA;07:45;09:45;https://goo.gl/maps/QaS6AbdpSjkdusPH7;http://run.gob.es/PuntoMOVILResiduos
PUNTO LIMPIO MOVIL;CARRETERA DE CANILLAS, 39;INTERSECCION CON CALLE ANDRES OBISPO;CARRETERA;DE CANILLAS;NUMERO;39;16;HORTALEZA;445060,5374;4479364,917;40,46314013;-3,648019994;SABADO;MAÑANA;12:15;14:15;https://goo.gl/maps/5ws65NxmNJJeDWTq5;http://run.gob.es/PuntoMOVILResiduos
PUNTO LIMPIO MOVIL;AVENIDA ROSALES;INTERSECCION CON CALLE TANTALO;AVENIDA;ROSALES;NUMERO;s/n;17;VILLAVERDE;442294,5481;4467199,502;40,35336013;-3,679539994;VIERNES;MAÑANA;07:45;09:45;https://goo.gl/maps/BR5q4h1Lk9Rwu2846;http://run.gob.es/PuntoMOVILResiduos
PUNTO LIMPIO MOVIL;CALLE ARROYO DE LA BULERA;FRENTE AL NUMERO 11;CALLE;ARROYO DE LA BULERA;NUMERO;s/n;17;VILLAVERDE;442204,9051;4465591,733;40,33887013;-3,680449994;VIERNES;MAÑANA;10:00;12:00;https://goo.gl/maps/9tQTBgzQ5kMFEqNn6;http://run.gob.es/PuntoMOVILResiduos
PUNTO LIMPIO MOVIL;CALLE BERROCAL, 14;NULL;CALLE;BERROCAL;NUMERO;14;17;VILLAVERDE;442442,55;4466535,77;40,34739104;-3,677737378;MIERCOLES;TARDE;14:30;16:30;https://goo.gl/maps/yh4KUFrYUYDgxiEr9;http://run.gob.es/PuntoMOVILResiduos
PUNTO LIMPIO MOVIL;CALLE CARMEN DE BURGOS, 4;NULL;CALLE;CARMEN DE BURGOS;NUMERO;4;17;VILLAVERDE;441841,64;4467654,27;40,35742549;-3,684914537;VIERNES;MAÑANA;12:15;14:15;https://goo.gl/maps/BVxXkSd7shccUk2B9;http://run.gob.es/PuntoMOVILResiduos
PUNTO LIMPIO MOVIL;CALLE CIUDADANIA, 6;NULL;CALLE;CIUDADANIA;NUMERO;6;17;VILLAVERDE;441214,792;4467553,923;40,35647756;-3,692286994;MIERCOLES;TARDE;16:45;18:45;https://goo.gl/maps/Jw54GMykLUU1sC3H9;http://run.gob.es/PuntoMOVILResiduos
PUNTO LIMPIO MOVIL;CALLE GODELLA;DETRAS DEL NUMERO 100, EN LA PLAZA FRENTE AL 116;CALLE;GODELLA;NUMERO;s/n;17;VILLAVERDE;441525,68;4465807,01;40,340762;-3,688466;MIERCOLES;MAÑANA;12:15;14:15;https://goo.gl/maps/8NRV8qv1VD2k546M7;http://run.gob.es/PuntoMOVILResiduos
PUNTO LIMPIO MOVIL;CALLE LA CANCION DEL OLVIDO, 47;NULL;CALLE;LA CANCION DEL OLVIDO;NUMERO;47;17;VILLAVERDE;440576,4426;4467618,063;40,35701013;-3,699809994;VIERNES;TARDE;19:00;21:00;https://goo.gl/maps/pZHe8U1VXCxGKZyb8;http://run.gob.es/PuntoMOVILResiduos
PUNTO LIMPIO MOVIL;CALLE LA DEL MANOJO DE ROSAS, 14;NULL;CALLE;LA DEL MANOJO DE ROSAS;NUMERO;14;17;VILLAVERDE;440769,53;4467935,53;40,35988379;-3,697565708;MIERCOLES;TARDE;16:45;18:45;https://goo.gl/maps/eRmCNkQ4FLk9mxdK7;http://run.gob.es/PuntoMOVILResiduos
PUNTO LIMPIO MOVIL;CALLE LA DEL MANOJO DE ROSAS, 95;NULL;CALLE;LA DEL MANOJO DE ROSAS;NUMERO;95;17;VILLAVERDE;440687,52;4467186,95;40,35313432;-3,698461892;MIERCOLES;TARDE;19:00;21:00;https://goo.gl/maps/PbW4bauQRijasPHE6;http://run.gob.es/PuntoMOVILResiduos
PUNTO LIMPIO MOVIL;CALLE LAGUNA RODRIGO, 7;NULL;CALLE;LAGUNA RODRIGO;NUMERO;7;17;VILLAVERDE;440014,09;4467024,04;40,35161857;-3,7063763;VIERNES;TARDE;16:45;18:45;https://goo.gl/maps/Aiah4S81BmL8CXib7;http://run.gob.es/PuntoMOVILResiduos
PUNTO LIMPIO MOVIL;CALLE SANTA PETRONILA;INTERSECCION CON CALLE JOSE DEL PINO;CALLE;SANTA PETRONILA;NUMERO;s/n;17;VILLAVERDE;441210,826;4466913,961;40,35071212;-3,692274736;VIERNES;TARDE;14:30;16:30;https://goo.gl/maps/CD4BtEPPSh2enMZh6;http://run.gob.es/PuntoMOVILResiduos
PUNTO LIMPIO MOVIL;CALLE TERTULIA;INTERSECCION CON CALLE CIRCULO;CALLE;TERTULIA;NUMERO;s/n;17;VILLAVERDE;441157,828;4468197,145;40,36226806;-3,693017119;MIERCOLES;TARDE;19:00;21:00;https://goo.gl/maps/X2zWWRDXRE5pJCHcA;http://run.gob.es/PuntoMOVILResiduos
PUNTO LIMPIO MOVIL;PASEO ALBERTO PALACIOS, 1;INTERSECCION CON PLAZA AGATA;PASEO;ALBERTO PALACIOS;NUMERO;1;17;VILLAVERDE;439756,381;4466455,183;40,34647541;-3,709357091;MIERCOLES;MAÑANA;07:45;09:45;https://goo.gl/maps/CkpmWx6yEbieVXm68;http://run.gob.es/PuntoMOVILResiduos
PUNTO LIMPIO MOVIL;PASEO ALBERTO PALACIOS, 76;NULL;PASEO;ALBERTO PALACIOS;NUMERO;76;17;VILLAVERDE;439229,76;4466149,51;40,34368355;-3,715528398;MIERCOLES;MAÑANA;10:00;12:00;https://goo.gl/maps/JwELtcu8kTTgEG5f7;http://run.gob.es/PuntoMOVILResiduos
PUNTO LIMPIO MOVIL;AVENIDA GAVIA, 14;NULL;AVENIDA;GAVIA;NUMERO;14;18;VILLA DE VALLECAS;448175,45;4469566,88;40,37507331;-3,610482743;JUEVES;MAÑANA;12:15;14:15;https://goo.gl/maps/hPFJGhVKBFgCrTZb6;http://run.gob.es/PuntoMOVILResiduos
PUNTO LIMPIO MOVIL;AVENIDA GRAN VIA DEL SUERESTE, 11;NULL;AVENIDA;GRAN VIA DEL SUERESTE;NUMERO;11;18;VILLA DE VALLECAS;450106,99;4468329,42;40,36404321;-3,587633913;JUEVES;MAÑANA;10:00;12:00;https://goo.gl/maps/41rbK3q9Cfm3mjTe8;http://run.gob.es/PuntoMOVILResiduos
PUNTO LIMPIO MOVIL;AVENIDA LAS SUERTES;FRENTE AL NUMERO 67;AVENIDA;LAS SUERTES;NUMERO;s/n;18;VILLA DE VALLECAS;449614,83;4468373,88;40,36441415;-3,593433734;JUEVES;MAÑANA;07:45;09:45;https://goo.gl/maps/UbXyZ9tzuuraHidV8;http://run.gob.es/PuntoMOVILResiduos
PUNTO LIMPIO MOVIL;AVENIDA VILLA DE VALLECAS, 13;NULL;AVENIDA;VILLA DE VALLECAS;NUMERO;13;18;VILLA DE VALLECAS;447453,54;4468963,83;40,36959542;-3,618936523;MARTES;MAÑANA;10:00;12:00;https://goo.gl/maps/xzg5FYy2TZQSNPFf8;http://run.gob.es/PuntoMOVILResiduos
PUNTO LIMPIO MOVIL;CALLE EMBALSE DE NAVACERRADA;FRENTE AL NUMERO 50;CALLE;EMBALSE DE NAVACERRADA;NUMERO;s/n;18;VILLA DE VALLECAS;448920,513;4468158,395;40,36243065;-3,601593679;JUEVES;MAÑANA;07:45;09:45;https://goo.gl/maps/dhwk9GYjj7EUaaxs6;http://run.gob.es/PuntoMOVILResiduos
PUNTO LIMPIO MOVIL;CALLE FUENTESPINA, 10;NULL;CALLE;FUENTESPINA;NUMERO;10;18;VILLA DE VALLECAS;448482,9443;4470052,826;40,37947013;-3,606899994;MARTES;MAÑANA;12:15;14:15;https://goo.gl/maps/Cn1wwYkX921sBAhSA;http://run.gob.es/PuntoMOVILResiduos
PUNTO LIMPIO MOVIL;CALLE PEÑARANDA DE BRACAMONTE, 53;NULL;CALLE;PEÑARANDA DE BRACAMONTE;NUMERO;53;18;VILLA DE VALLECAS;448130,3;4468637,39;40,366697;-3,61093895;MARTES;MAÑANA;07:45;09:45;https://goo.gl/maps/kLU1h5TgzjJwfCJy7;http://run.gob.es/PuntoMOVILResiduos
PUNTO LIMPIO MOVIL;CALLE PUENTELARRA, 13;NULL;CALLE;PUENTELARRA;NUMERO;13;18;VILLA DE VALLECAS;448281,146;4470386,886;40,38246707;-3,609304279;JUEVES;TARDE;14:30;16:30;https://goo.gl/maps/xKWjxmFbaFdgFNHg9;http://run.gob.es/PuntoMOVILResiduos
PUNTO LIMPIO MOVIL;PASEO FEDERICO GARCIA LORCA, 3;NULL;PASEO;FEDERICO GARCIA LORCA;NUMERO;3;18;VILLA DE VALLECAS;447286,42;4470053,98;40,37940569;-3,620995046;JUEVES;MAÑANA;10:00;12:00;https://www.google.com/maps;http://run.gob.es/PuntoMOVILResiduos
PUNTO LIMPIO MOVIL;BULEVAR INDALECIO PRIETO, 9;NULL;BULEVAR;INDALECIO PRIETO;NUMERO;9;19;VICALVARO;447398,27;4472699,83;40,40324833;-3,619895988;JUEVES;MAÑANA;12:15;14:15;https://goo.gl/maps/uuGFVq3W6RbSh77F7;http://run.gob.es/PuntoMOVILResiduos
PUNTO LIMPIO MOVIL;CALLE ABAD JUAN CATALAN, 52-56;NULL;CALLE;ABAD JUAN CATALAN;NUMERO;52-56;19;VICALVARO;449729,343;4473042,675;40,40648092;-3,592453479;SABADO;TARDE;19:00;21:00;https://goo.gl/maps/6XgFhdgQyw5Rxrv88;http://run.gob.es/PuntoMOVILResiduos
PUNTO LIMPIO MOVIL;CALLE CASALARREINA, 3;INTERSECCION CON PLAZA DE LA VICALVARADA;CALLE;CASALARREINA;NUMERO;3;19;VICALVARO;448194,602;4473379,148;40,409418;-3,610567255;MIERCOLES;TARDE;16:45;18:45;https://goo.gl/maps/g2CFqGiz9Wkfsxcj9;http://run.gob.es/PuntoMOVILResiduos
PUNTO LIMPIO MOVIL;CALLE CORDEL DE PAVONES, 46;NULL;CALLE;CORDEL DE PAVONES;NUMERO;46;19;VICALVARO;447409,97;4472099,07;40,39783703;-3,619708485;JUEVES;MAÑANA;10:00;12:00;https://goo.gl/maps/85QxiiSEihpZ3AAy5;http://run.gob.es/PuntoMOVILResiduos
PUNTO LIMPIO MOVIL;CALLE MINERVA;INTERSECCION CON CALLE CAMPO DE LA TORRE, 19;CALLE;MINERVA;NUMERO;s/n;19;VICALVARO;448630,3547;4471993,274;40,39696013;-3,605319994;DOMINGO;MAÑANA;12:15;14:15;https://goo.gl/maps/hkQxexZYNc3ddGgj9;http://run.gob.es/PuntoMOVILResiduos
PUNTO LIMPIO MOVIL;CALLE PERGAMINO;FRENTE AL NUMERO 30;CALLE;PERGAMINO;NUMERO;s/n;19;VICALVARO;447068,351;4471749,023;40,39466194;-3,623704718;JUEVES;MAÑANA;07:45;09:45;https://goo.gl/maps/JujuD4pn8Mk8CNdx6;http://run.gob.es/PuntoMOVILResiduos
PUNTO LIMPIO MOVIL;CALLE VILLARDONDIEGO, 39-41;NULL;CALLE;VILLARDONDIEGO;NUMERO;39-41;19;VICALVARO;448405,202;4472827,036;40,40445729;-3,60804054;MIERCOLES;TARDE;19:00;21:00;https://goo.gl/maps/jrH7JKZ3a36xz84i7;http://run.gob.es/PuntoMOVILResiduos
PUNTO LIMPIO MOVIL;AVENIDA FERMINA SEVILLANO, 26;NULL;AVENIDA;FERMINA SEVILLANO;NUMERO;26;20;SAN BLAS-CANILLEJAS;451740,967;4477286,895;40,44483484;-3,56906922;VIERNES;MAÑANA;07:45;09:45;https://goo.gl/maps/HKGQgCn1CrHT2wx68;http://run.gob.es/PuntoMOVILResiduos
PUNTO LIMPIO MOVIL;AVENIDA HELLIN, 17;NULL;AVENIDA;HELLIN;NUMERO;17;20;SAN BLAS-CANILLEJAS;447762,0628;4475755,666;40,43080013;-3,615859994;MIERCOLES;MAÑANA;12:15;14:15;https://goo.gl/maps/CwpagervNwcr18SCA;http://run.gob.es/PuntoMOVILResiduos
PUNTO LIMPIO MOVIL;AVENIDA NIZA, 25;EN EL TRAMO DE VIA ENTRE LOS NUMEROS 13 Y 25;AVENIDA;NIZA;NUMERO;25;20;SAN BLAS-CANILLEJAS;448518,74;4475431,44;40,42792648;-3,606913356;JUEVES;TARDE;16:45;18:45;https://goo.gl/maps/qMUjh4BvzJ46ddg3A;http://run.gob.es/PuntoMOVILResiduos
PUNTO LIMPIO MOVIL;AVENIDA SEGUNDA;FRENTE AL NUMERO 5 APROXIMADAMENTE;AVENIDA;SEGUNDA;NUMERO;s/n;20;SAN BLAS-CANILLEJAS;449598,466;4477580,644;40,44735399;-3,594355582;VIERNES;MAÑANA;10:00;12:00;https://goo.gl/maps/K6HKFrcMykaF8hTd9;http://run.gob.es/PuntoMOVILResiduos
PUNTO LIMPIO MOVIL;CALLE ALBARRACIN, 35;EDIFICIO AYUNTAMIENTO DE MADRID;CALLE;ALBARRACIN, ;NUMERO;35;20;SAN BLAS-CANILLEJAS;446527,99;4475878,75;40,43183053;-3,630418644;JUEVES;MAÑANA;07:45;09:45;https://goo.gl/maps/VohQkC9y1xD1a343A;http://run.gob.es/PuntoMOVILResiduos
PUNTO LIMPIO MOVIL;CALLE ALBERICIA;INTERSECCION CON CALLE ARCOS DEL JALON;CALLE;ALBERICIA;NUMERO;s/n;20;SAN BLAS-CANILLEJAS;447785,795;4475053,342;40,42447465;-3,615522535;JUEVES;TARDE;14:30;16:30;https://goo.gl/maps/ZKEAEq3yTgUSYaKE7;http://run.gob.es/PuntoMOVILResiduos
PUNTO LIMPIO MOVIL;CALLE BOLTAÑA, 20;NULL;CALLE;BOLTAÑA;NUMERO;20;20;SAN BLAS-CANILLEJAS;447977,19;4477307,564;40,44479404;-3,613450944;SABADO;MAÑANA;10:00;12:00;https://goo.gl/maps/SunPAWQn8AxwcuVS8;http://run.gob.es/PuntoMOVILResiduos
PUNTO LIMPIO MOVIL;CALLE CARPINTERIA;INTERSECCION CON CALLE AMPOSTA;CALLE;CARPINTERIA;NUMERO;s/n;20;SAN BLAS-CANILLEJAS;447187,1298;4475180,249;40,42558013;-3,622589994;MIERCOLES;TARDE;14:30;16:30;https://goo.gl/maps/zFWgjL6EKq6jBums7;http://run.gob.es/PuntoMOVILResiduos
PUNTO LIMPIO MOVIL;CALLE CASTILLO DE UCLES;INTERSECCION CON CALLE CASTILLO DE SIMANCAS Y FRENTE A CALLE YUNCOS, 1;CALLE;CASTILLO DE UCLES;NUMERO;s/n;20;SAN BLAS-CANILLEJAS;447136,022;4475688,594;40,43015635;-3,623234722;MIERCOLES;MAÑANA;10:00;12:00;https://goo.gl/maps/pSf69wL4WKj8nGtr7;http://run.gob.es/PuntoMOVILResiduos
PUNTO LIMPIO MOVIL;CALLE HERMANOS GARCIA NOBLEJAS, 1;NULL;AVENIDA;HERMANOS GARCIA NOBLEJAS;NUMERO;1;20;SAN BLAS-CANILLEJAS;445922,76;4476537,04;40,43772165;-3,637609719;MIERCOLES;MAÑANA;07:45;09:45;https://www.google.com/maps;http://run.gob.es/PuntoMOVILResiduos
PUNTO LIMPIO MOVIL;CALLE NICOLASA GOMEZ;FRENTE AL NUMERO 80;CALLE;NICOLASA GOMEZ;NUMERO;s/n;20;SAN BLAS-CANILLEJAS;448113,1754;4476603,524;40,43846013;-3,611789994;SABADO;MAÑANA;12:15;14:15;https://goo.gl/maps/t2jY1Lp6vSx2Gs9k6;http://run.gob.es/PuntoMOVILResiduos
PUNTO LIMPIO MOVIL;CALLE SOFIA;INTERSECCION CON CALLE BELGICA, 205;CALLE;SOFIA;NUMERO;s/n;20;SAN BLAS-CANILLEJAS;448969,6145;4475577,508;40,42927013;-3,601609994;JUEVES;TARDE;19:00;21:00;https://goo.gl/maps/nXovtMEN6bjRCi3M9;http://run.gob.es/PuntoMOVILResiduos
PUNTO LIMPIO MOVIL;CALLE TAMPICO, 79;NULL;CALLE;TAMPICO;NUMERO;79;20;SAN BLAS-CANILLEJAS;446094,48;4477316,37;40,44475344;-3,635651261;SABADO;MAÑANA;07:45;09:45;https://goo.gl/maps/RX4jX781uARmG7d2A;http://run.gob.es/PuntoMOVILResiduos
PUNTO LIMPIO MOVIL;AVENIDA LOGROÑO, 160-162;NULL;AVENIDA;LOGROÑO ;NUMERO;160-162;21;BARAJAS;450664,16;4480634,97;40,47493317;-3,582026531;JUEVES;TARDE;16:45;18:45;https://goo.gl/maps/wMWqxJJe5LyTCP3u5;http://run.gob.es/PuntoMOVILResiduos
PUNTO LIMPIO MOVIL;CALLE BABILONIA, 33;NULL;CALLE;BABILONIA;NUMERO;33;21;BARAJAS;450420,08;4479808,83;40,46747627;-3,584841288;JUEVES;TARDE;19:00;21:00;https://goo.gl/maps/5rFXeMMG7ps6wKAg8;http://run.gob.es/PuntoMOVILResiduos
PUNTO LIMPIO MOVIL;CALLE BAHIA DE CADIZ, 32;NULL;CALLE;BAHIA DE CADIZ;NUMERO;32;21;BARAJAS;449612,88;4479406,74;40,46380544;-3,594330551;JUEVES;TARDE;19:00;21:00;https://goo.gl/maps/UuPdvyEu8QoVbnVg6;http://run.gob.es/PuntoMOVILResiduos
PUNTO LIMPIO MOVIL;CALLE PLAYA DE ZARAUZ, 1;NULL;CALLE;PLAYA DE ZARAUZ;NUMERO;1;21;BARAJAS;449780,61;4480454,48;40,47325425;-3,592435163;JUEVES;TARDE;16:45;18:45;https://goo.gl/maps/pBjeZCN4ihNSBakEA;http://run.gob.es/PuntoMOVILResiduos
PUNTO LIMPIO MOVIL;CALLE PRADOLUENGO, 243;NULL;CALLE;PRADOLUENGO;NUMERO;243;21;BARAJAS;450648,62;4478009,91;40,45128409;-3,582005708;MARTES;MAÑANA;07:45;09:45;https://goo.gl/maps/r6jSq1NP6mWufRXU9;http://run.gob.es/PuntoMOVILResiduos
PUNTO LIMPIO MOVIL;CALLE RIBERA DEL SENA, 21;NULL;CALLE;RIBERA DEL SENA;NUMERO;21;21;BARAJAS;447632,56;4479217,25;40,46197595;-3,617672094;JUEVES;MAÑANA;10:00;12:00;https://goo.gl/maps/Z9K2MKmaFGtoWtSm6;http://run.gob.es/PuntoMOVILResiduos
PUNTO LIMPIO MOVIL;CALLE RIOJA, 27;NULL;CALLE;RIOJA;NUMERO;27;21;BARAJAS;450374,7;4478971,54;40,45993074;-3,585311084;MARTES;MAÑANA;12:15;14:15;https://goo.gl/maps/1t9zjPPhqbdAKqxV8;http://run.gob.es/PuntoMOVILResiduos
PUNTO LIMPIO MOVIL;PASEO ALAMEDA DE OSUNA, 50;NULL;PASEO;ALAMEDA DE OSUNA, ;NUMERO;50;21;BARAJAS;449316,5;4478388,17;40,45461153;-3,597744925;JUEVES;TARDE;14:30;16:30;https://goo.gl/maps/ExmFAxqYELKTLphG7;http://run.gob.es/PuntoMOVILResiduos
PUNTO LIMPIO MOVIL;PLAZA MAYOR DE BARAJAS, 19;NULL;PLAZA;MAYOR DE BARAJAS;NUMERO;19;21;BARAJAS;451060,238;4480473,346;40,47350059;-3,57734166;MARTES;TARDE;14:30;16:30;https://goo.gl/maps/yEKbmnSKNGTU8wJC9;http://run.gob.es/PuntoMOVILResiduos
PUNTO LIMPIO MOVIL;PLAZA NAVIO, 1;NULL;PLAZA;NAVIO;NUMERO;1;21;BARAJAS;450116,691;4478506,263;40,45572379;-3,588317484;MARTES;MAÑANA;10:00;12:00;https://goo.gl/maps/hVhTWsaHN4wYwH7N9;http://run.gob.es/PuntoMOVILResiduos
